trt_name,dah,emmean,SE,df,lower.CL,upper.CL,herb,cctrt,crop
a,-3,6.141995219431753,1.1800665265201307,10.720817676676635,3.536410299676585,8.747580139186923,herbicide,none,a
acc,-3,7.760257883485277,1.180066526520116,10.7208176766787,5.154672963730203,10.365842803240351,herbicide,cc,a
apmix,-3,5.898644515708105,1.1800665265201162,10.720817676678706,3.2930595959530304,8.504229435463179,none,none,mix
aprows,-3,1.1921620442383212,1.2750800398144637,14.496024967029983,-1.5338594629373459,3.918183551413988,herbicide,none,mix
p,-3,6.355203347388533,1.1800665265201165,10.720817676678706,3.7496184276334588,8.960788267143608,herbicide,none,p
pcc,-3,1.5808818416517731,1.2092893751300704,11.799313743738747,-1.058912212293021,4.2206758955965675,herbicide,cc,p
xa,-3,6.012150464200688,1.1800665265201165,10.7208176766787,3.406565544445613,8.617735383955763,none,none,a
xacc,-3,2.6064798743708284,1.2746352778957528,14.47996214848368,-0.11886394377944676,5.3318236925211036,none,cc,a
xapmix,-3,2.209599342573534,1.2750800398144635,14.496024967030024,-0.5164221646021319,4.935620849749199,none,none,mix
xaprows,-3,5.3505316359929145,1.2750800398144635,14.49602496703,2.624510128817248,8.076553143168582,none,none,mix
xp,-3,2.0250663569412723,1.1810778001111804,10.756910591610715,-0.581653660006658,4.631786373889202,none,none,p
xpcc,-3,2.2281692301606615,1.1800665265201167,10.720817676678706,-0.37741568959441363,4.833754149915737,none,cc,p
a,-1.4545454545454546,6.1512418816714645,1.171295023332407,10.41112119052121,3.5553360497597337,8.747147713583196,herbicide,none,a
acc,-1.4545454545454546,7.6767839269234,1.1712950233323924,10.411121190523188,5.080878095011766,10.272689758835034,herbicide,cc,a
apmix,-1.4545454545454546,5.928474523428278,1.1712950233323927,10.41112119052319,3.3325686915166437,8.524380355339913,none,none,mix
aprows,-1.4545454545454546,1.222735787490668,1.2642504264688064,14.02301911215995,-1.488394173858456,3.933865748839792,herbicide,none,mix
p,-1.4545454545454546,6.39522839296275,1.1712950233323927,10.41112119052319,3.7993225610511154,8.991134224874385,herbicide,none,p
pcc,-1.4545454545454546,1.6144640831339712,1.199900635929185,11.444493112654516,-1.014038684336744,4.242966850604686,herbicide,cc,p
xa,-1.4545454545454546,5.982303324533933,1.1712950233323927,10.411121190523186,3.3863974926222977,8.578209156445569,none,none,a
xacc,-1.4545454545454546,2.5731162751983923,1.2638018533574347,14.00715428581347,-0.137339237096056,5.283571787492841,none,cc,a
xapmix,-1.4545454545454546,2.241511060261129,1.2642504264688061,14.023019112159943,-0.46961890108799453,4.952641021610253,none,none,mix
xaprows,-1.4545454545454546,5.383244221195256,1.264250426468806,14.023019112159966,2.672114259846134,8.094374182544378,none,none,mix
xp,-1.4545454545454546,2.0689406834688597,1.1723468759835842,10.44788416717185,-0.5281116429004413,4.665993009838161,none,none,p
xpcc,-1.4545454545454546,2.2676146958634757,1.171295023332393,10.41112119052319,-0.3282911360481595,4.863520527775111,none,cc,p
a,0.09090909090909083,6.1604885439111765,1.1626505792012287,10.112243825253525,3.573833966503039,8.747143121319315,herbicide,none,a
acc,0.09090909090909083,7.593309970361522,1.162650579201214,10.112243825255382,5.00665539295348,10.179964547769565,herbicide,cc,a
apmix,0.09090909090909083,5.958304531148451,1.1626505792012143,10.112243825255392,3.371649953740409,8.544959108556492,none,none,mix
aprows,0.09090909090909083,1.2533095307430144,1.2535662159102234,13.567099105492925,-1.4433933630723141,3.9500124245583432,herbicide,none,mix
p,0.09090909090909083,6.435253438536967,1.1626505792012145,10.112243825255382,3.848598861128924,9.02190801594501,herbicide,none,p
pcc,0.09090909090909083,1.6480463246161692,1.190638688461044,11.101988415752349,-0.9695975814100699,4.2656902306424085,herbicide,cc,p
xa,0.09090909090909083,5.952456184867178,1.1626505792012145,10.112243825255387,3.365801607459136,8.53911076227522,none,none,a
xacc,0.09090909090909083,2.5397526760259566,1.2531138182122985,13.551431052073129,-0.15627954271257938,5.2357848947644925,none,cc,a
xapmix,0.09090909090909083,2.273422777948724,1.2535662159102234,13.567099105492913,-0.4232801158666044,4.970125671764053,none,none,mix
xaprows,0.09090909090909083,5.415956806397597,1.2535662159102232,13.567099105492918,2.719253912582269,8.112659700212925,none,none,mix
xp,0.09090909090909083,2.1128150099964467,1.1637440323986854,10.149672262987396,-0.4749945859446858,4.700624605937579,none,none,p
xpcc,0.09090909090909083,2.3070601615662905,1.1626505792012147,10.112243825255376,-0.2795944158417525,4.893714738974333,none,cc,p
a,1.6363636363636367,6.169735206150888,1.154136049135609,9.823936386840348,3.591899029806925,8.74757138249485,herbicide,none,a
acc,1.6363636363636367,7.509836013799645,1.1541360491355943,9.823936386842067,4.931999837455777,10.087672190143513,herbicide,cc,a
apmix,1.6363636363636367,5.988134538868624,1.1541360491355945,9.823936386842103,3.410298362524757,8.56597071521249,none,none,mix
aprows,1.6363636363636367,1.283883273995361,1.2430311574807813,13.127872172827523,-1.3988657384428764,3.9666322864335983,herbicide,none,mix
p,1.6363636363636367,6.475278484111184,1.1541360491355948,9.823936386842075,3.8974423077673155,9.053114660455053,herbicide,none,p
pcc,1.6363636363636367,1.6816285660983672,1.1815065145285455,10.771518807384119,-0.9255955011378183,4.288852633334553,herbicide,cc,p
xa,1.6363636363636367,5.922609045200423,1.1541360491355948,9.823936386842094,3.3447728688565554,8.500445221544291,none,none,a
xacc,1.6363636363636367,2.506389076853521,1.2425749241760593,13.112399450201462,-0.17569359586732647,5.188471749574369,none,cc,a
xapmix,1.6363636363636367,2.3053344956363193,1.2430311574807813,13.127872172827505,-0.37741451680191807,4.988083508074556,none,none,mix
xaprows,1.6363636363636367,5.448669391599938,1.243031157480781,13.127872172827518,2.7659203791617006,8.131418404038175,none,none,mix
xp,1.6363636363636367,2.156689336524034,1.155272130651785,9.862025971293967,-0.42230723349313815,4.735685906541207,none,none,p
xpcc,1.6363636363636367,2.346505627269105,1.154136049135595,9.823936386842103,-0.2313305490747628,4.924341803612974,none,cc,p
a,3.1818181818181817,6.1789818683906,1.1457543294596202,9.545952702131768,3.6095267449982873,8.748436991782912,herbicide,none,a
acc,3.1818181818181817,7.4263620572377675,1.1457543294596058,9.545952702133407,4.856906933845549,9.995817180629986,herbicide,cc,a
apmix,3.1818181818181817,6.017964546588797,1.145754329459606,9.545952702133416,3.448509423196579,8.587419669981015,none,none,mix
aprows,3.1818181818181817,1.3144570172477075,1.2326490754534154,12.704947275602574,-1.3548196708253253,3.9837337053207404,herbicide,none,mix
p,3.1818181818181817,6.515303529685402,1.145754329459606,9.545952702133425,3.9458484062931847,9.084758653077618,herbicide,none,p
pcc,3.1818181818181817,1.7152108075805652,1.1725071463930334,10.452806070144824,-0.8820386347628746,4.312460249924005,herbicide,cc,p
xa,3.1818181818181817,5.892761905533669,1.145754329459606,9.545952702133425,3.3233067821414517,8.462217028925885,none,none,a
xacc,3.1818181818181817,2.4730254776810847,1.2321889980596679,12.689668224889651,-0.1955897949021459,5.141640750264315,none,cc,a
xapmix,3.1818181818181817,2.3372462133239145,1.2326490754534152,12.704947275602592,-0.3320304747491174,5.006522901396947,none,none,mix
xaprows,3.1818181818181817,5.481381976802279,1.232649075453415,12.704947275602574,2.8121052887292475,8.15065866487531,none,none,mix
xp,3.1818181818181817,2.200563663051621,1.146934072377291,9.584699448391333,-0.3700537938025579,4.771181119905799,none,none,p
xpcc,3.1818181818181817,2.38595109297192,1.1457543294596064,9.545952702133432,-0.18350403042029884,4.955406216364139,none,cc,p
a,4.727272727272727,6.188228530630312,1.1375083560133905,9.278049835936638,3.6267132076549697,8.749743853605654,herbicide,none,a
acc,4.727272727272727,7.342888100675891,1.137508356013376,9.278049835938168,4.7813727777006445,9.904403423651138,herbicide,cc,a
apmix,4.727272727272727,6.047794554308971,1.1375083560133763,9.278049835938177,3.4862792313337243,8.609309877284218,none,none,mix
aprows,4.727272727272727,1.345030760500054,1.2224238675336487,12.29793570295157,-1.3112631275827002,4.001324648582808,herbicide,none,mix
p,4.727272727272727,6.555328575259618,1.1375083560133765,9.27804983593819,3.993813252284372,9.116843898234864,herbicide,none,p
pcc,4.727272727272727,1.7487930490627632,1.163643665332417,10.145574901531774,-0.8389327051580353,4.336518803283562,herbicide,cc,p
xa,4.727272727272727,5.862914765866914,1.1375083560133765,9.27804983593819,3.3013994428916678,8.42443008884216,none,none,a
xacc,4.727272727272727,2.439661878508649,1.221959940275888,12.282848454702332,-0.21597613457482456,5.095299891592123,none,cc,a
xapmix,4.727272727272727,2.3691579310115096,1.2224238675336485,12.297935702951575,-0.2871359570712442,5.025451819094263,none,none,mix
xaprows,4.727272727272727,5.514094562004621,1.2224238675336483,12.297935702951575,2.8578006739218673,8.170388450087374,none,none,mix
xp,4.727272727272727,2.2444379895792084,1.1387327976752395,9.317450131525373,-0.31823787513916546,4.807113854297582,none,none,p
xpcc,4.727272727272727,2.4253965586747346,1.1375083560133767,9.278049835938194,-0.13611876430051195,4.986911881649981,none,cc,p
a,6.272727272727273,6.197475192870023,1.1294011021283892,9.019988298612923,3.643455171806715,8.751495213933332,herbicide,none,a
acc,6.272727272727273,7.259414144114013,1.129401102128375,9.019988298614354,4.705394123050799,9.813434165177227,herbicide,cc,a
apmix,6.272727272727273,6.077624562029144,1.129401102128375,9.01998829861435,3.5236045409659305,8.631644583092358,none,none,mix
aprows,6.272727272727273,1.3756045037524005,1.212359503021815,11.906451640314529,-1.2682036008247468,4.019412608329548,herbicide,none,mix
p,6.272727272727273,6.595353620833835,1.1294011021283752,9.019988298614368,4.041333599770622,9.149373641897048,herbicide,none,p
pcc,6.272727272727273,1.7823752905449612,1.1549191999659432,9.849553188676776,-0.7962829006451415,4.361033481735064,herbicide,cc,p
xa,6.272727272727273,5.833067626200159,1.1294011021283752,9.019988298614354,3.279047605136945,8.387087647263373,none,none,a
xacc,6.272727272727273,2.4062982793362133,1.2118917230059916,11.891554120738366,-0.2368601340605756,5.049456692733003,none,cc,a
xapmix,6.272727272727273,2.4010696486991048,1.2123595030218148,11.906451640314526,-0.24273845587804255,5.044877753276252,none,none,mix
xaprows,6.272727272727273,5.5468071472069616,1.2123595030218146,11.906451640314529,2.902999042629815,8.190615251784108,none,none,mix
xp,6.272727272727273,2.2883123161067953,1.13067128301053,9.06003894626722,-0.2668624187690902,4.843487050982681,none,none,p
xpcc,6.272727272727273,2.4648420243775493,1.1294011021283754,9.019988298614372,-0.08917799668566362,5.018862045440763,none,cc,p
a,7.818181818181818,6.206721855109735,1.121435576366768,8.771532244358031,3.6597501212637717,8.753693588955699,herbicide,none,a
acc,7.818181818181818,7.175940187552136,1.1214355763667538,8.771532244359372,4.628968453706267,9.722911921398005,herbicide,cc,a
apmix,7.818181818181818,6.107454569749318,1.121435576366754,8.771532244359364,3.5604828359034473,8.654426303595187,none,none,mix
aprows,7.818181818181818,1.406178247004747,1.2024600206120353,11.53011271468175,-1.225648030366313,4.038004524375808,herbicide,none,mix
p,7.818181818181818,6.6353786664080525,1.121435576366754,8.771532244359369,4.088406932562183,9.182350400253922,herbicide,none,p
pcc,7.818181818181818,1.8159575320271593,1.1463369243324024,9.564472271322941,-0.7540938047005747,4.386008868754893,herbicide,cc,p
xa,7.818181818181818,5.803220486533404,1.121435576366754,8.771532244359364,3.256248752687534,8.350192220379274,none,none,a
xacc,7.818181818181818,2.3729346801637776,1.2019883880027395,11.515402651906378,-0.25824875963725624,5.0041181199648115,none,cc,a
xapmix,7.818181818181818,2.4329813663867,1.202460020612035,11.530112714681778,-0.19884491098435841,5.064807643757758,none,none,mix
xaprows,7.818181818181818,5.579519732409302,1.2024600206120348,11.530112714681803,2.9476934550382454,8.21134600978036,none,none,mix
xp,7.818181818181818,2.3321866426343827,1.1227525388749555,8.81223050457598,-0.21592962911109082,4.880302914379856,none,none,p
xpcc,7.818181818181818,2.504287490080364,1.1214355763667543,8.771532244359364,-0.042684243765506835,5.051259223926235,none,cc,p
a,9.363636363636363,6.215968517349446,1.1136148200149913,8.53244966039708,3.6755963437329235,8.756340690965969,herbicide,none,a
acc,9.363636363636363,7.092466230990259,1.1136148200149771,8.532449660398365,4.55209405737383,9.632838404606687,herbicide,cc,a
apmix,9.363636363636363,6.137284577469491,1.1136148200149774,8.53244966039836,3.5969124038530618,8.67765675108592,none,none,mix
aprows,9.363636363636363,1.4367519902570935,1.1927295258041133,11.168540516620482,-1.1836027214890816,4.057106702003269,herbicide,none,mix
p,9.363636363636363,6.675403711982269,1.1136148200149774,8.53244966039836,4.13503153836584,9.215775885598699,herbicide,none,p
pcc,9.363636363636363,1.8495397735093573,1.1379000557087409,9.29006719323835,-0.7123693217032112,4.4114488687219255,herbicide,cc,p
xa,9.363636363636363,5.7733733468666495,1.1136148200149774,8.532449660398367,3.2330011732502206,8.313745520483078,none,none,a
xacc,9.363636363636363,2.3395710809913415,1.1922540440057368,11.154015446967529,-0.2801483421356341,4.959290504118317,none,cc,a
xapmix,9.363636363636363,2.464893084074295,1.1927295258041133,11.168540516620492,-0.1554616276718801,5.08524779582047,none,none,mix
xaprows,9.363636363636363,5.612232317611643,1.192729525804113,11.168540516620482,2.9918776058654686,8.232587029357818,none,none,mix
xp,9.363636363636363,2.3760609691619696,1.114979607202624,8.573793293745283,-0.16544090142165624,4.917562839745596,none,none,p
xpcc,9.363636363636363,2.5437329557831787,1.1136148200149778,8.532449660398372,0.0033607821667485105,5.0841051293996085,none,cc,p
a,10.909090909090908,6.225215179589158,1.1059419043225955,8.30251254727865,3.6909930072776236,8.759437351900694,herbicide,none,a
acc,10.909090909090908,7.0089922744283815,1.1059419043225815,8.30251254727986,4.47477010211694,9.543214446739823,herbicide,cc,a
apmix,10.909090909090908,6.1671145851896645,1.1059419043225815,8.302512547279862,3.632892412878224,8.701336757501105,none,none,mix
aprows,10.909090909090908,1.46732573350944,1.1831721879046722,10.821361099306166,-1.1420732576942583,4.076724724713138,herbicide,none,mix
p,10.909090909090908,6.715428757556486,1.1059419043225815,8.302512547279866,4.181206585245046,9.249650929867926,herbicide,none,p
pcc,10.909090909090908,1.8831220149915553,1.129611852156405,9.026076942280863,-0.6711125989705984,4.437356628953709,herbicide,cc,p
xa,10.909090909090908,5.743526207199895,1.1059419043225815,8.30251254727986,3.209304034888454,8.277748379511335,none,none,a
xacc,10.909090909090908,2.306207481818906,1.182692863745384,10.807018373567802,-0.3025644893400803,4.914979452977892,none,cc,a
xapmix,10.909090909090908,2.4968048017618902,1.1831721879046722,10.821361099306152,-0.11259418944180855,5.106203792965589,none,none,mix
xaprows,10.909090909090908,5.644944902813985,1.1831721879046717,10.821361099306163,3.0355459116102876,8.254343894017683,none,none,mix
xp,10.909090909090908,2.419935295689557,1.1073555585300308,8.344499856445164,-0.11539674748527906,4.9552673388643935,none,none,p
xpcc,10.909090909090908,2.5831784214859934,1.105941904322582,8.302512547279855,0.048956249174551214,5.117400593797436,none,cc,p
a,12.454545454545453,6.234461841828869,1.098419927477678,8.081497090496725,3.7059402385642852,8.762983445093454,herbicide,none,a
acc,12.454545454545453,6.925518317866504,1.0984199274776643,8.081497090497848,4.396996714602013,9.454039921130995,herbicide,cc,a
apmix,12.454545454545453,6.196944592909838,1.0984199274776643,8.081497090497862,3.668422989645347,8.72546619617433,none,none,mix
aprows,12.454545454545453,1.4978994767617866,1.1737922365942652,10.488205454846202,-1.1010644087563672,4.09686336227994,herbicide,none,mix
p,12.454545454545453,6.755453803130703,1.0984199274776643,8.081497090497859,4.226932199866212,9.283975406395195,herbicide,none,p
pcc,12.454545454545453,1.9167042564737533,1.1214756097832344,8.77224467934463,-0.6303259454326564,4.463734458380163,herbicide,cc,p
xa,12.454545454545453,5.713679067533139,1.0984199274776643,8.081497090497855,3.1851574642686487,8.24220067079763,none,none,a
xacc,12.454545454545453,2.27284388264647,1.173309080512077,10.47404224454926,-0.325501993648047,4.871189758940988,none,cc,a
xapmix,12.454545454545453,2.5287165194494854,1.1737922365942652,10.488205454846184,-0.07024736606866933,5.12768040496764,none,none,mix
xaprows,12.454545454545453,5.677657488016326,1.1737922365942648,10.488205454846199,3.0786936024981717,8.27662137353448,none,none,mix
xp,12.454545454545453,2.463809622217144,1.0998834888928346,8.124126962080414,-0.06579671989603897,4.993415964330326,none,none,p
xpcc,12.454545454545453,2.622623887188808,1.0984199274776645,8.081497090497859,0.09410228392431685,5.151145490453299,none,cc,p
a,14,6.243708504068581,1.091052011311632,7.869183823667522,3.7204392022111894,8.766977805925974,herbicide,none,a
acc,14,6.842044361304627,1.0910520113116182,7.869183823668575,4.318775059447327,9.365313663161928,herbicide,cc,a
apmix,14,6.226774600630011,1.0910520113116182,7.869183823668586,3.7035052987727117,8.750043902487311,none,none,mix
aprows,14,1.528473220014133,1.1645939580379168,10.168709968241686,-1.0605800345308682,4.117526474559135,herbicide,none,mix
p,14,6.79547884870492,1.0910520113116184,7.869183823668592,4.27220954684762,9.31874815056222,herbicide,none,p
pcc,14,1.9502864979559513,1.1134946597093835,8.528317956436643,-0.5900107474095941,4.490583743321497,herbicide,cc,p
xa,14,5.683831927866384,1.0910520113116182,7.869183823668592,3.1605626260090847,8.207101229723683,none,none,a
xacc,14,2.239480283474034,1.164106984268005,10.154723271886132,-0.34896473543980955,4.827925302387877,none,cc,a
xapmix,14,2.5606282371370805,1.1645939580379168,10.168709968241687,-0.02842501740792036,5.149681491682081,none,none,mix
xaprows,14,5.710370073218667,1.1645939580379165,10.168709968241679,3.1213168186736664,8.299423327763668,none,none,mix
xp,14,2.5076839487447313,1.092566516452372,7.91245576969575,-0.01663933564010689,5.032007233129569,none,none,p
xpcc,14,2.662069352891623,1.0910520113116187,7.8691838236686005,0.13880005103432236,5.185338654748923,none,cc,p
a,15.545454545454547,6.252955166308293,1.0838412977267284,7.665357783495779,3.734492180420453,8.771418152196134,herbicide,none,a
acc,15.545454545454547,6.758570404742749,1.0838412977267144,7.6653577834967574,4.2401074188550005,9.277033390630498,herbicide,cc,a
apmix,15.545454545454547,6.256604608350184,1.0838412977267147,7.6653577834967646,3.738141622462434,8.775067594237933,none,none,mix
aprows,15.545454545454547,1.5590469632664798,1.1555816905175895,9.862516849386445,-1.0206229851314257,4.138716911664385,herbicide,none,mix
p,15.545454545454547,6.835503894279137,1.083841297726715,7.665357783496775,4.317040908391387,9.353966880166887,herbicide,none,p
pcc,15.545454545454547,1.9838687394381493,1.1056723647266125,8.29404892414466,-0.5501673820925836,4.5179048609688826,herbicide,cc,p
xa,15.545454545454547,5.6539847881996295,1.083841297726715,7.665357783496762,3.1355218023118794,8.172447774087379,none,none,a
xacc,15.545454545454547,2.2061166843015982,1.1550909172799422,9.848703498646902,-0.3729555827738009,4.785188951376997,none,cc,a
xapmix,15.545454545454547,2.5925399548246757,1.1555816905175893,9.862516849386434,0.012870006426770164,5.172209903222582,none,none,mix
xaprows,15.545454545454547,5.743082658421009,1.155581690517589,9.862516849386438,3.1634127100231035,8.322752606818913,none,none,mix
xp,15.545454545454547,2.5515582752723183,1.085407777846072,7.709271982663935,0.0320780001787333,5.071038550365904,none,none,p
xpcc,15.545454545454547,2.7015148185944375,1.0838412977267151,7.6653577834967805,0.1830518327066879,5.219977804482188,none,cc,p
a,17.09090909090909,6.2622018285480046,1.0767909448414168,7.4698086567715425,3.7481026519288965,8.776301005167113,herbicide,none,a
acc,17.09090909090909,6.675096448180872,1.076790944841403,7.469808656772468,4.160997271561855,9.18919562479989,herbicide,cc,a
apmix,17.09090909090909,6.286434616070357,1.0767909448414033,7.469808656772464,3.7723354394513398,8.800533792689375,none,none,mix
aprows,17.09090909090909,1.5896207065188261,1.146759819566492,9.56927454355041,-0.9811949982767314,4.160436411314384,herbicide,none,mix
p,17.09090909090909,6.875528939853354,1.0767909448414033,7.4698086567724715,4.361429763234336,9.389628116472373,herbicide,none,p
pcc,17.09090909090909,2.0174509809203474,1.0980121156413294,8.069194528770506,-0.5107951294712598,4.545697091311954,herbicide,cc,p
xa,17.09090909090909,5.624137648532875,1.0767909448414033,7.46980865677247,3.1100384719138567,8.138236825151893,none,none,a
xacc,17.09090909090909,2.1727530851291625,1.146265269252847,9.555631209429611,-0.39747628820789593,4.742982458466221,none,cc,a
xapmix,17.09090909090909,2.624451672512271,1.146759819566492,9.569274543550398,0.053635967716713306,5.195267377307829,none,none,mix
xaprows,17.09090909090909,5.7757952436233495,1.1467598195664916,9.569274543550398,3.2049795388277933,8.346610948418906,none,none,mix
xp,17.09090909090909,2.595432601799905,1.0784104242572508,7.514365995399942,0.08035906948861937,5.110506134111191,none,none,p
xpcc,17.09090909090909,2.7409602842972522,1.0767909448414035,7.46980865677247,0.22686110767823386,5.255059460916271,none,cc,p
a,18.636363636363637,6.271448490787717,1.0699041228496575,7.282330919643531,3.761275369162229,8.781621612413204,herbicide,none,a
acc,18.636363636363637,6.5916224916189945,1.0699041228496438,7.282330919644425,4.081449369993599,9.10179561324439,herbicide,cc,a
apmix,18.636363636363637,6.316264623790531,1.0699041228496438,7.282330919644417,3.8060915021651356,8.826437745415927,none,none,mix
aprows,18.636363636363637,1.6201944497711729,1.138132772586956,9.288638120835628,-0.9422965948110882,4.182685494353434,herbicide,none,mix
p,18.636363636363637,6.915553985427572,1.069904122849644,7.282330919644417,4.405380863802176,9.425727107052968,herbicide,none,p
pcc,18.636363636363637,2.0510332224025456,1.0905173272930342,7.853516699413193,-0.47189208361075163,4.573958528415843,herbicide,cc,p
xa,18.636363636363637,5.59429050886612,1.0699041228496438,7.282330919644414,3.084117387240725,8.104463630491516,none,none,a
xacc,18.636363636363637,2.139389485956727,1.1376344719458884,9.275161319760276,-0.4225273837524881,4.701306355665942,none,cc,a
xapmix,18.636363636363637,2.656363390199866,1.138132772586956,9.28863812083565,0.09387234561760582,5.218854434782126,none,none,mix
xaprows,18.636363636363637,5.80850782882569,1.1381327725869559,9.288638120835628,3.24601678424343,8.37099887340795,none,none,mix
xp,18.636363636363637,2.6393069283274926,1.0715776172012639,7.327533032348161,0.12820891414720892,5.150404942507777,none,none,p
xpcc,18.636363636363637,2.780405750000067,1.0699041228496442,7.282330919644417,0.27023262837467055,5.290578871625463,none,cc,p
a,20.18181818181818,6.280695153027428,1.0631840095922387,7.102723969417943,3.774016432321711,8.787373873733145,herbicide,none,a
acc,20.18181818181818,6.508148535057117,1.0631840095922251,7.102723969418765,4.0014698143514895,9.014827255762745,herbicide,cc,a
apmix,20.18181818181818,6.346094631510704,1.0631840095922254,7.102723969418772,3.8394159108050765,8.852773352216332,none,none,mix
aprows,20.18181818181818,1.6507681930235194,1.1297050129358486,9.020269645130398,-0.903926973626149,4.205463359673188,herbicide,none,mix
p,20.18181818181818,6.955579031001788,1.0631840095922254,7.102723969418768,4.44890031029616,9.462257751707416,herbicide,none,p
pcc,20.18181818181818,2.0846154638847434,1.0831914342412987,7.646782525294903,-0.43345506435106396,4.60268599212055,herbicide,cc,p
xa,20.18181818181818,5.564443369199365,1.0631840095922254,7.102723969418758,3.0577646484937366,8.071122089904993,none,none,a
xacc,20.18181818181818,2.1060258867842907,1.129202993254762,9.006955744980612,-0.44810807518572293,4.660159848754304,none,cc,a
xapmix,20.18181818181818,2.688275107887461,1.1297050129358484,9.020269645130403,0.13357994123779404,5.242970274537129,none,none,mix
xaprows,20.18181818181818,5.841220414028031,1.1297050129358481,9.020269645130416,3.2865252473783646,8.395915580677698,none,none,mix
xp,20.18181818181818,2.6831812548550795,1.06491252402667,7.148573279493284,0.1756339053132403,5.190728604396918,none,none,p
xpcc,20.18181818181818,2.8198512157028817,1.0631840095922256,7.102723969418768,0.31317249499725364,5.32652993640851,none,cc,p
a,21.727272727272727,6.28994181526714,1.0566337858398605,6.930792249134452,3.7863333589769455,8.793550271557335,herbicide,none,a
acc,21.727272727272727,6.42467457849524,1.056633785839847,6.9307922491352025,3.9210661222051337,8.928283034785345,herbicide,cc,a
apmix,21.727272727272727,6.3759246392308775,1.056633785839847,6.930792249135226,3.8723161829407733,8.879533095520982,none,none,mix
aprows,21.727272727272727,1.681341936275866,1.121481033464193,8.763838523118014,-0.86608390745058506,4.2287677800023165,herbicide,none,mix
p,21.727272727272727,6.995604076576005,1.0566337858398471,6.930792249135226,4.4919956202859,9.49921253286611,herbicide,none,p
pcc,21.727272727272727,2.1181977053669416,1.0760378861161377,7.448764423629648,-0.39547953068075614,4.631874941414639,herbicide,cc,p
xa,21.727272727272727,5.53459622953261,1.056633785839847,6.930792249135226,3.030987773242506,8.038204685822715,none,none,a
xacc,21.727272727272727,2.072662287611855,1.1209753307468646,8.750683749182626,-0.4742161372023457,4.619540712426056,none,cc,a
xapmix,21.727272727272727,2.7201868255750563,1.121481033464193,8.763838523118014,0.17276098184860533,5.267612669301507,none,none,mix
xaprows,21.727272727272727,5.873932999230373,1.1214810334641925,8.763838523118025,3.326507155503924,8.421358842956822,none,none,mix
xp,21.727272727272727,2.727055581382667,1.0584183131319331,6.9772920086474075,0.222641807872328,5.231469354893006,none,none,p
xpcc,21.727272727272727,2.8592966814056964,1.0566337858398471,6.930792249135234,0.3556882251155913,5.362905137695801,none,cc,p
a,23.272727272727273,6.299188477506852,1.0502566302897751,6.766345365172725,3.7982351475872,8.800141807426504,herbicide,none,a
acc,23.272727272727273,6.341200621933362,1.0502566302897616,6.766345365173441,3.8402472920137978,8.842153951852927,herbicide,cc,a
apmix,23.272727272727273,6.405754646951051,1.0502566302897616,6.766345365173449,3.9048013170314873,8.906707976870614,none,none,mix
aprows,23.272727272727273,1.7119156795282124,1.1134653495008535,8.519021833923723,-0.8287636412260959,4.252595000282521,herbicide,none,mix
p,23.272727272727273,7.0356291221502225,1.0502566302897618,6.766345365173449,4.534675792230658,9.536582452069787,herbicide,none,p
pcc,23.272727272727273,2.1517799468491394,1.069060142628578,7.259240298340447,-0.35795949722188203,4.66151939092016,herbicide,cc,p
xa,23.272727272727273,5.5047490898658555,1.0502566302897618,6.766345365173452,3.0037957599462923,8.005702419785418,none,none,a
xacc,23.272727272727273,2.0392986884394193,1.112956004639081,8.506022274774335,-0.5008478111210826,4.579445187999921,none,cc,a
xapmix,23.272727272727273,2.7520985432626515,1.1134653495008533,8.519021833923723,0.21141922250834355,5.292777864016959,none,none,mix
xaprows,23.272727272727273,5.906645584432714,1.113465349500853,8.519021833923718,3.3659662636784056,8.447324905187022,none,none,mix
xp,23.272727272727273,2.770929907910254,1.052098148900244,6.813499694767954,0.2692418383578694,5.272617977462638,none,none,p
xpcc,23.272727272727273,2.898742147108511,1.050256630289762,6.7663453651734615,0.3977888171889483,5.399695477028073,none,cc,p
a,24.818181818181817,6.308435139746563,1.0440557142799909,6.609198198142426,3.80973233323185,8.807137946261276,herbicide,none,a
acc,24.818181818181817,6.257726665371485,1.0440557142799773,6.609198198143076,3.759023858856857,8.756429471886113,herbicide,cc,a
apmix,24.818181818181817,6.435584654671224,1.0440557142799776,6.609198198143069,3.9368818481565957,8.934287461185853,none,none,mix
aprows,24.818181818181817,1.742489422780559,1.1056624912738138,8.285504640004397,-0.7919607950465251,4.276939640607643,herbicide,none,mix
p,24.818181818181817,7.075654167724439,1.0440557142799776,6.609198198143088,4.576951361209812,9.574356974239066,herbicide,none,p
pcc,24.818181818181817,2.1853621883313377,1.0622616682404435,7.077993689933877,-0.3208874554498333,4.691611832112509,herbicide,cc,p
xa,24.818181818181817,5.474901950199101,1.0440557142799776,6.609198198143083,2.9761991436844726,7.973604756713729,none,none,a
xacc,24.818181818181817,2.005935089266983,1.1051495502116193,8.272656253282483,-0.5279977071359374,4.539867885669904,none,cc,a
xapmix,24.818181818181817,2.7840102609502466,1.1056624912738136,8.28550464000441,0.2495600431231635,5.31846047877733,none,none,mix
xaprows,24.818181818181817,5.939358169635055,1.1056624912738133,8.28550464000441,3.404907951807972,8.473808387462137,none,none,mix
xp,24.818181818181817,2.8148042344378412,1.0459551863572705,6.657012126560035,0.3154447146800057,5.314163754195677,none,none,p
xpcc,24.818181818181817,2.938187612811326,1.0440557142799778,6.609198198143078,0.43948480629669673,5.436890419325955,none,cc,p
a,26.363636363636363,6.317681801986275,1.0380341962274084,6.459171007309676,3.8208370337047506,8.8145265702678,herbicide,none,a
acc,26.363636363636363,6.1742527088096075,1.0380341962273951,6.459171007310313,3.6774079405281697,8.671097477091045,herbicide,cc,a
apmix,26.363636363636363,6.465414662391398,1.0380341962273951,6.459171007310315,3.9685698941099594,8.962259430672836,none,none,mix
aprows,26.363636363636363,1.7730631660329055,1.0980769957667769,8.062980279903972,-0.7556682738946907,4.3017946059605014,herbicide,none,mix
p,26.363636363636363,7.115679213298656,1.0380341962273953,6.4591710073103,4.618834445017217,9.612523981580095,herbicide,none,p
pcc,26.363636363636363,2.2189444298135355,1.055645926494812,6.904813916844111,-0.28425430145445674,4.722143161081528,herbicide,cc,p
xa,26.363636363636363,5.445054810532345,1.0380341962273951,6.459171007310313,2.948210042250907,7.941899578813783,none,none,a
xacc,26.363636363636363,1.9725714900945475,1.0975605096555352,8.050278898015712,-0.5556587133569595,4.500801693546054,none,cc,a
xapmix,26.363636363636363,2.8159219786378418,1.0980769957667766,8.06298027990399,0.2871905387102469,5.344653418565437,none,none,mix
xaprows,26.363636363636363,5.972070754837396,1.0980769957667764,8.062980279903972,3.443339314909801,8.50080219476499,none,none,mix
xp,26.363636363636363,2.858678560965428,1.0399925655590545,6.507650510617152,0.36126269586541326,5.356094426065443,none,none,p
xpcc,26.363636363636363,2.9776330785141405,1.0380341962273953,6.45917100731031,0.48078831023270174,5.47447784679558,none,cc,p
a,27.909090909090907,6.326928464225986,1.0321952157988201,6.31608952881162,3.8315629840242424,8.82229394442773,herbicide,none,a
acc,27.909090909090907,6.09077875224773,1.032195215798807,6.316089528812211,3.5954132720460716,8.586144232449389,herbicide,cc,a
apmix,27.909090909090907,6.495244670111571,1.032195215798807,6.316089528812213,3.999879189909912,8.99061015031323,none,none,mix
aprows,27.909090909090907,1.803636909285252,1.0907133980135106,7.851150643509525,-0.7198771866598466,4.32715100523035,herbicide,none,mix
p,27.909090909090907,7.155704258872873,1.0321952157988072,6.316089528812216,4.660338778671215,9.651069739074533,herbicide,none,p
pcc,27.909090909090907,2.2525266712957333,1.0492163740112883,6.73949620855916,-0.24804927222147066,4.753102614812937,herbicide,cc,p
xa,27.909090909090907,5.41520767086559,1.032195215798807,6.316089528812211,2.919842190663932,7.910573151067249,none,none,a
xacc,27.909090909090907,1.9392078909221118,1.09019342335629,7.838591979224175,-0.5838219141367529,4.462237695980976,none,cc,a
xapmix,27.909090909090907,2.847833696325437,1.0907133980135106,7.8511506435095235,0.32431960038033836,5.3713477922705355,none,none,mix
xaprows,27.909090909090907,6.004783340039737,1.0907133980135102,7.851150643509532,3.4812692440946393,8.528297435984834,none,none,mix
xp,27.909090909090907,2.9025528874930155,1.034213405719833,6.365241569351996,0.4067096099250911,5.39839616506094,none,none,p
xpcc,27.909090909090907,3.017078544216955,1.0321952157988072,6.316089528812206,0.5217130640152954,5.512444024418615,none,cc,p
a,29.454545454545453,6.336175126465698,1.0265418878263932,6.179785067907451,3.8419255573380013,8.830424695593395,herbicide,none,a
acc,29.454545454545453,6.007304795685853,1.0265418878263801,6.179785067907993,3.513055226558239,8.501554364813467,herbicide,cc,a
apmix,29.454545454545453,6.5250746778317446,1.0265418878263801,6.179785067907985,4.03082510870413,9.019324246959359,none,none,mix
aprows,29.454545454545453,1.8342106525375985,1.0835762218375697,7.649726430452787,-0.6845767771462834,4.352998082221481,herbicide,none,mix
p,29.454545454545453,7.19572930444709,1.0265418878263803,6.17978506790799,4.7014797353194755,9.689978873574704,herbicide,none,p
pcc,29.454545454545453,2.2861089127779315,1.0429764541531539,6.5818418308421265,-0.2122598925677912,4.784477718123654,herbicide,cc,p
xa,29.454545454545453,5.3853605311988355,1.0265418878263801,6.179785067907995,2.8911109620712216,7.879610100326449,none,none,a
xacc,29.454545454545453,1.905844291749676,1.0830528206209107,7.637306082401089,-0.6124765204091833,4.4241651039085355,none,cc,a
xapmix,29.454545454545453,2.879745414013032,1.0835762218375697,7.649726430452791,0.36095798432915105,5.398532843696913,none,none,mix
xaprows,29.454545454545453,6.037495925242078,1.0835762218375693,7.649726430452793,3.518708495558198,8.55628335492596,none,none,mix
xp,29.454545454545453,2.9464272140206025,1.0286207990922631,6.229617632966835,0.4518008679137484,5.4410535601274566,none,none,p
xpcc,29.454545454545453,3.05652400991977,1.0265418878263806,6.179785067907989,0.5622744407921547,5.5507735790473856,none,cc,p
a,31,6.34542178870541,1.0210772959820862,6.050094585512536,3.851941770168366,8.838901807242454,herbicide,none,a
acc,31,5.923830839123975,1.021077295982073,6.050094585513049,3.4303508205870137,8.417310857660937,herbicide,cc,a
apmix,31,6.554904685551917,1.0210772959820733,6.0500945855130475,4.061424667014955,9.048384704088878,none,none,mix
aprows,31,1.864784395789945,1.0766699700507119,7.458427392306823,-0.649754369977944,4.379323161557834,herbicide,none,mix
p,31,7.235754350021307,1.0210772959820733,6.050094585513055,4.742274331484346,9.729234368558268,herbicide,none,p
pcc,31,2.3196911542601297,1.0369295903765892,6.431658203358785,-0.17687193499252496,4.816254243512784,herbicide,cc,p
xa,31,5.355513391532081,1.0210772959820733,6.050094585513049,2.8620333729951186,7.848993410069043,none,none,a
xacc,31,1.87248069257724,1.0761432098620187,7.446140850376731,-0.6416098149636156,4.386571200118095,none,cc,a
xapmix,31,2.9116571317006272,1.0766699700507116,7.458427392306837,0.39711836593273997,5.4261958974685145,none,none,mix
xaprows,31,6.070208510444419,1.0766699700507114,7.4584273923068185,3.5556697446765315,8.584747276212306,none,none,mix
xp,31,2.99030154054819,1.0232178046153593,6.100616725709685,0.4965534622307137,5.484049618865666,none,none,p
xpcc,31,3.0959694756225846,1.0210772959820735,6.0500945855130555,0.6024894570856225,5.589449494159547,none,cc,p
a,32.54545454545455,6.3546684509451214,1.0158044862283853,5.92686077925753,3.8616302699573373,8.847706631932905,herbicide,none,a
acc,32.54545454545455,5.840356882562098,1.0158044862283724,5.9268607792580195,3.347318701574396,8.3333950635498,herbicide,cc,a
apmix,32.54545454545455,6.5847346932720905,1.0158044862283724,5.926860779258005,4.091696512284386,9.077772874259795,none,none,mix
aprows,32.54545454545455,1.8953581390422918,1.0699991141294622,7.276982559229033,-0.6153953344502807,4.406111612534865,herbicide,none,mix
p,32.54545454545455,7.275779395595524,1.0158044862283724,5.926860779258012,4.782741214607821,9.768817576583228,herbicide,none,p
pcc,32.54545454545455,2.3532733957423275,1.0310791792754919,6.28875901002011,-0.14186939479725913,4.848416186281915,herbicide,cc,p
xa,32.54545454545455,5.325666251865326,1.0158044862283724,5.926860779258011,2.8326280708776226,7.818704432853029,none,none,a
xacc,32.54545454545455,1.8391170934048042,1.0694690682581531,7.2648252098569355,-0.6712071157267916,4.3494413025364,none,cc,a
xapmix,32.54545454545455,2.943568849388223,1.0699991141294622,7.276982559229026,0.43281537589565033,5.454322322880795,none,none,mix
xaprows,32.54545454545455,6.10292109564676,1.0699991141294618,7.276982559229023,3.5921676221541876,8.613674569139333,none,none,mix
xp,32.54545454545455,3.034175867075777,1.018007441348355,5.978082646658564,0.5409859472464098,5.527365786905143,none,none,p
xpcc,32.54545454545455,3.1354149413253993,1.0158044862283726,5.926860779258011,0.6423767603376955,5.628453122313103,none,cc,p
a,34.09090909090909,6.3639151131848335,1.0107264600657537,5.809932159309992,3.871011302939663,8.856818923430005,herbicide,none,a
acc,34.09090909090909,5.756882926000221,1.0107264600657409,5.809932159310442,3.2639791157551303,8.24978673624531,herbicide,cc,a
apmix,34.09090909090909,6.614564700992264,1.0107264600657409,5.80993215931045,4.121660890747174,9.107468511237354,none,none,mix
aprows,34.09090909090909,1.9259318822946383,1.0635680833958314,7.105130451700486,-0.5814830694633171,4.4333468340525934,herbicide,none,mix
p,34.09090909090909,7.315804441169742,1.010726460065741,5.809932159310453,4.822900630924652,9.808708251414831,herbicide,none,p
pcc,34.09090909090909,2.3868556372245258,1.0254285833389214,6.152964302345442,-0.1072344828746572,4.880945757323708,herbicide,cc,p
xa,34.09090909090909,5.295819112198571,1.0107264600657409,5.809932159310453,2.8029153019534823,7.78872292244366,none,none,a
xacc,34.09090909090909,1.8057534942323683,1.063034830916377,7.0930975830564735,-0.7012517602093873,4.312758748674124,none,cc,a
xapmix,34.09090909090909,2.975480567075818,1.0635680833958316,7.105130451700491,0.4680656153178626,5.482895518833773,none,none,mix
xaprows,34.09090909090909,6.135633680849102,1.0635680833958312,7.105130451700486,3.6282187290911474,8.643048632607057,none,none,mix
xp,34.09090909090909,3.078050193603364,1.0129926817116959,5.861865045271425,0.5851184004279659,5.570981986778762,none,none,p
xpcc,34.09090909090909,3.174860407028214,1.010726460065741,5.809932159310456,0.6819565967831251,5.667764217273303,none,cc,p
a,35.63636363636363,6.373161775424545,1.0058461676002435,5.699163119191359,3.8801066605051435,8.866216890343946,herbicide,none,a
acc,35.63636363636363,5.673408969438344,1.0058461676002306,5.699163119191766,3.18035385451902,8.166464084357667,herbicide,cc,a
apmix,35.63636363636363,6.644394708712437,1.0058461676002308,5.699163119191771,4.1513395937931135,9.137449823631762,none,none,mix
aprows,35.63636363636363,1.9565056255469846,1.0573812537350689,6.94261927800626,-0.5479990126723606,4.46101026376633,herbicide,none,mix
p,35.63636363636363,7.355829486743958,1.0058461676002308,5.699163119191775,4.862774371824635,9.848884601663281,herbicide,none,p
pcc,35.63636363636363,2.4204378787067236,1.01998112344185,6.024100596146546,-0.07294763855275832,4.913823395966205,herbicide,cc,p
xa,35.63636363636363,5.265971972531816,1.0058461676002308,5.699163119191775,2.7729168576124934,7.759027087451139,none,none,a
xacc,35.63636363636363,1.7723898950599326,1.0568448795700693,6.930706085072936,-0.7317251142785455,4.2765049043984105,none,cc,a
xapmix,35.63636363636363,3.0073922847634127,1.0573812537350689,6.942619278006256,0.502887646544067,5.511896922982759,none,none,mix
xaprows,35.63636363636363,6.168346266051443,1.0573812537350684,6.942619278006247,3.6638416278320975,8.672850904270788,none,none,mix
xp,35.63636363636363,3.121924520130951,1.0081764445593642,5.751819491934285,0.6289723622895536,5.614876677972349,none,none,p
xpcc,35.63636363636363,3.2143058727310287,1.005846167600231,5.699163119191784,0.7212507578117062,5.707360987650351,none,cc,p
a,37.18181818181818,6.382408437664257,1.0011665004577688,5.594414001815902,3.8889396024141893,8.875877272914323,herbicide,none,a
acc,37.18181818181818,5.589935012876466,1.0011665004577561,5.594414001816296,3.096466177626476,8.083403848126455,herbicide,cc,a
apmix,37.18181818181818,6.674224716432611,1.0011665004577561,5.594414001816292,4.180755881182621,9.1676935516826,none,none,mix
aprows,37.18181818181818,1.9870793687993311,1.0514429358904953,6.789207118094049,-0.5149226768984021,4.489081414497065,herbicide,none,mix
p,37.18181818181818,7.395854532318175,1.0011665004577563,5.594414001816288,4.902385697068183,9.889323367568167,herbicide,none,p
pcc,37.18181818181818,2.454020120188922,1.0147400710936345,5.902000961828172,-0.03898756480289034,4.947027805180734,herbicide,cc,p
xa,37.18181818181818,5.236124832865062,1.0011665004577561,5.594414001816289,2.742655997615071,7.7295936681150526,none,none,a
xacc,37.18181818181818,1.739026295887497,1.0509035308519772,6.7774087076389895,-0.7626066083244167,4.240659200099411,none,cc,a
xapmix,37.18181818181818,3.039304002451008,1.0514429358904953,6.789207118094053,0.5373019567532746,5.541306048148741,none,none,mix
xaprows,37.18181818181818,6.201058851253784,1.051442935890495,6.78920711809406,3.6990568055560518,8.703060896951516,none,none,mix
xp,37.18181818181818,3.165798846658538,1.0035615881097422,5.647807543733873,0.6725707537132282,5.659026939603848,none,none,p
xpcc,37.18181818181818,3.2537513384338435,1.0011665004577563,5.594414001816309,0.7602825031838552,5.747220173683832,none,cc,p
a,38.72727272727273,6.391655099903969,0.996690284574564,5.495551160972461,3.897534755509063,8.885775444298874,herbicide,none,a
acc,38.72727272727273,5.506461056314588,0.9966902845745514,5.495551160972829,3.0123407119197596,8.000581400709418,herbicide,cc,a
apmix,38.72727272727273,6.704054724152784,0.9966902845745514,5.495551160972818,4.209934379757954,9.198175068547615,none,none,mix
aprows,38.72727272727273,2.017653112051678,1.0457573633827868,6.644662094437857,-0.48223171663317155,4.517537940736528,herbicide,none,mix
p,38.72727272727273,7.4358795778923925,0.9966902845745517,5.4955511609728225,4.941759233497562,9.929999922287223,herbicide,none,p
pcc,38.72727272727273,2.4876023616711196,1.0097086404724465,5.7865051085938335,-0.005331287962317521,4.980536011304556,herbicide,cc,p
xa,38.72727272727273,5.206277693198307,0.9966902845745516,5.495551160972815,2.712157348803476,7.700398037593137,none,none,a
xacc,38.72727272727273,1.705662696715061,1.045215024189973,6.632973489880333,-0.7938738036821356,4.2051991971122575,none,cc,a
xapmix,38.72727272727273,3.071215720138603,1.0457573633827868,6.644662094437848,0.5713308914537523,5.571100548823454,none,none,mix
xaprows,38.72727272727273,6.2337714364561245,1.0457573633827864,6.644662094437857,3.733886607771276,8.733656265140972,none,none,mix
xp,38.72727272727273,3.2096731731861254,0.9991509027651501,5.5496968056751355,0.7159377694787556,5.703408576893495,none,none,p
xpcc,38.72727272727273,3.293196804136658,0.9966902845745516,5.495551160972815,0.7990764597418272,5.787317148531489,none,cc,p
a,40.27272727272727,6.40090176214368,0.9924202728962697,5.4024470184626185,3.905917986920197,8.895885537367162,herbicide,none,a
acc,40.27272727272727,5.422987099752711,0.9924202728962572,5.402447018462958,2.928003324529303,7.917970874976119,herbicide,cc,a
apmix,40.27272727272727,6.7338847318729576,0.9924202728962572,5.402447018462955,4.238900956649548,9.228868507096367,none,none,mix
aprows,40.27272727272727,2.048226855304024,1.0403286801084675,6.5087625305203565,-0.4499020271403351,4.546355737748383,herbicide,none,mix
p,40.27272727272727,7.475904623466609,0.9924202728962573,5.402447018462944,4.9809208482431995,9.970888398690018,herbicide,none,p
pcc,40.27272727272727,2.521184603153318,1.004889980277693,5.677459462838755,0.028045756120448573,5.014323450186187,herbicide,cc,p
xa,40.27272727272727,5.176430553531551,0.9924202728962571,5.402447018462948,2.681446778308142,7.67141432875496,none,none,a
xacc,40.27272727272727,1.672299097542625,1.0397835093803682,6.497178676693535,-0.8255024918366496,4.1701006869218995,none,cc,a
xapmix,40.27272727272727,3.1031274378261986,1.0403286801084677,6.508762530520361,0.6049985553818393,5.601256320270558,none,none,mix
xaprows,40.27272727272727,6.266484021658466,1.040328680108467,6.508762530520363,3.768355139214109,8.764612904102824,none,none,mix
xp,40.27272727272727,3.2535474997137124,0.994947103853044,5.4573609875567435,0.7590987472078079,5.747996252219616,none,none,p
xpcc,40.27272727272727,3.332642269839473,0.9924202728962573,5.402447018462952,0.8376584946160639,5.827626045062882,none,cc,p
a,41.81818181818182,6.410148424383392,0.9883591380208909,5.314980117102094,3.914116251202853,8.906180597563932,herbicide,none,a
acc,41.81818181818182,5.339513143190834,0.9883591380208786,5.314980117102413,2.8434809700103685,7.835545316371299,herbicide,cc,a
apmix,41.81818181818182,6.763714739593131,0.9883591380208786,5.31498011710241,4.267682566412665,9.259746912773597,none,none,mix
aprows,41.81818181818182,2.078800598556371,1.0351609276797253,6.381297097532821,-0.417907878183883,4.575509075296624,herbicide,none,mix
p,41.81818181818182,7.515929669040826,0.9883591380208788,5.314980117102413,5.019897495860361,10.011961842221291,herbicide,none,p
pcc,41.81818181818182,2.5547668446355156,1.000287165436243,5.574717241003865,0.06116960794546156,5.04836408132557,herbicide,cc,p
xa,41.81818181818182,5.146583413864796,0.9883591380208786,5.31498011710241,2.650551240684331,7.6426155870452614,none,none,a
xacc,41.81818181818182,1.6389354983701891,1.034613033901022,6.369812865343272,-0.8574668284656557,4.135337825206034,none,cc,a
xapmix,41.81818181818182,3.1350391555137938,1.0351609276797253,6.381297097532823,0.6383306787735399,5.631747632254047,none,none,mix
xaprows,41.81818181818182,6.299196606860807,1.035160927679725,6.381297097532826,3.8024881301205538,8.79590508360106,none,none,mix
xp,41.81818181818182,3.2974218262412998,0.9909528243245411,5.370679956710657,0.8020800113684237,5.792763641114176,none,none,p
xpcc,41.81818181818182,3.3720877355422876,0.9883591380208787,5.314980117102408,0.8760555623618211,5.868119908722754,none,cc,p
a,43.36363636363636,6.419395086623103,0.9845094648234736,5.23303516978446,3.9221574113512423,8.916632761894963,herbicide,none,a
acc,43.36363636363636,5.256039186628957,0.9845094648234614,5.233035169784748,2.7588015113571664,7.753276861900748,herbicide,cc,a
apmix,43.36363636363636,6.793544747313304,0.9845094648234612,5.233035169784746,4.296307072041513,9.290782422585096,none,none,mix
aprows,43.36363636363636,2.109374341808717,1.0302580325747954,6.262064949873544,-0.3862220838015231,4.6049707674189575,herbicide,none,mix
p,43.36363636363636,7.555954714615043,0.9845094648234614,5.233035169784747,5.058717039343253,10.053192389886835,herbicide,none,p
pcc,43.36363636363636,2.588349086117714,0.9959031887019093,5.478138517156543,0.09406764108656063,5.082630531148867,herbicide,cc,p
xa,43.36363636363636,5.1167362741980416,0.9845094648234612,5.233035169784749,2.619498598926251,7.613973949469832,none,none,a
xacc,43.36363636363636,1.6055718991977534,1.0297075300336576,6.250675140860222,-0.8897395037598477,4.100883302155355,none,cc,a
xapmix,43.36363636363636,3.1669508732013885,1.0302580325747954,6.262064949873548,0.671354447591149,5.662547298811628,none,none,mix
xaprows,43.36363636363636,6.331909192063148,1.030258032574795,6.262064949873539,3.8363127664529086,8.827505617673388,none,none,mix
xp,43.36363636363636,3.3412961527688867,0.9871706074484236,5.289539786803648,0.8449086924954754,5.837683613042298,none,none,p
xpcc,43.36363636363636,3.411533201245102,0.9845094648234615,5.233035169784752,0.9142955259733112,5.9087708765168925,none,cc,p
a,44.90909090909091,6.428641748862815,0.9808737431027079,5.156503104797861,3.930070034218362,8.927213463507268,herbicide,none,a
acc,44.90909090909091,5.17256523006708,0.9808737431026957,5.156503104798134,2.673993515422696,7.6711369447114635,herbicide,cc,a
apmix,44.90909090909091,6.823374755033478,0.9808737431026957,5.156503104798132,4.324803040389094,9.321946469677862,none,none,mix
aprows,44.90909090909091,2.139948085061064,1.0256237931749836,6.150875850006827,-0.35481620878486986,4.634712378906998,herbicide,none,mix
p,44.90909090909091,7.59597976018926,0.9808737431026959,5.156503104798123,5.097408045544873,10.094551474833647,herbicide,none,p
pcc,44.90909090909091,2.6219313275999117,0.9917409521911318,5.387590285554061,0.12676838917129585,5.117094266028527,herbicide,cc,p
xa,44.90909090909091,5.086889134531287,0.9808737431026957,5.156503104798132,2.588317419886903,7.5854608491756705,none,none,a
xacc,44.90909090909091,1.5722083000253178,1.025070801871641,6.139575200802385,-0.9222919496992437,4.06670854974988,none,cc,a
xapmix,44.90909090909091,3.1988625908889836,1.0256237931749836,6.150875850006822,0.7040982970430503,5.6936268847349165,none,none,mix
xaprows,44.90909090909091,6.364621777265489,1.0256237931749832,6.1508758500068215,3.869857483419556,8.859386071111421,none,none,mix
xp,44.90909090909091,3.3851704792964736,0.9836028995410054,5.213832802891001,0.8876125223545714,5.882728436238375,none,none,p
xpcc,44.90909090909091,3.4509786669479166,0.9808737431026958,5.156503104798132,0.9524069523035323,5.949550381592301,none,cc,p
a,46.45454545454545,6.437888411102527,0.9774543602917443,5.085281107577802,3.937883161509647,8.937893660695408,herbicide,none,a
acc,46.45454545454545,5.089091273505202,0.9774543602917322,5.085281107578039,2.5890860239123863,7.589096523098018,herbicide,cc,a
apmix,46.45454545454545,6.85320476275365,0.9774543602917322,5.085281107578043,4.353199513160835,9.353210012346466,none,none,mix
aprows,46.45454545454545,2.1705218283134102,1.021261866770717,6.047550283223266,-0.32366081163694327,4.664704468263764,herbicide,none,mix
p,46.45454545454545,7.636004805763477,0.9774543602917324,5.08528110757804,5.1359995561706615,10.136010055356293,herbicide,none,p
pcc,46.45454545454545,2.65551356908211,0.9878032589010324,5.302946518436876,0.15930134312699673,5.151725795037223,herbicide,cc,p
xa,46.45454545454545,5.057041994864532,0.9774543602917323,5.085281107578039,2.557036745271716,7.5570472444573475,none,none,a
xacc,46.45454545454545,1.5388447008528818,1.0207065122958399,6.036333469920793,-0.9550945840674425,4.032783985773206,none,cc,a
xapmix,46.45454545454545,3.230774308576579,1.021261866770717,6.04755028322327,0.7365916686262262,5.724956948526932,none,none,mix
xaprows,46.45454545454545,6.397334362467831,1.0212618667707165,6.047550283223276,3.9031517225174794,8.891517002418182,none,none,mix
xp,46.45454545454545,3.429044805824061,0.9802520427741716,5.143457622903855,0.9302196063986656,5.927870005249456,none,none,p
xpcc,46.45454545454545,3.4904241326507317,0.9774543602917323,5.0852811075780435,0.990418883057917,5.990429382243546,none,cc,p
a,48,6.447135073342238,0.974253594277219,5.019272659069501,3.945626058201865,8.948644088482611,herbicide,none,a
acc,48,5.005617316943324,0.9742535942772071,5.019272659069733,2.504108301803016,7.507126332083632,herbicide,cc,a
apmix,48,6.883034770473824,0.9742535942772071,5.019272659069729,4.381525755333515,9.384543785614133,none,none,mix
aprows,48,2.201095571565757,1.0171757566246815,5.951919562819394,-0.292725722766372,4.694916865897886,herbicide,none,mix
p,48,7.676029851337694,0.9742535942772073,5.01927265906973,5.174520836197386,10.177538866478002,herbicide,none,p
pcc,48,2.6890958105643077,0.9840928042589338,5.224088219287749,0.19169671941008692,5.186494901718529,herbicide,cc,p
xa,48,5.027194855197777,0.974253594277207,5.019272659069722,2.5256858400574678,7.528703870338086,none,none,a
xacc,48,1.5054811016804461,1.0166181700068717,5.940781205248259,-0.9881170899674101,3.999079293328302,none,cc,a
xapmix,48,3.2626860262641744,1.0171757566246813,5.951919562819389,0.7688647319320454,5.756507320596303,none,none,mix
xaprows,48,6.430046947670172,1.017175756624681,5.951919562819389,3.936225653338043,8.9238682420023,none,none,mix
xp,48,3.4729191323516484,0.9771202681054563,5.078319195742665,0.9727581755232597,5.973080089180037,none,none,p
xpcc,48,3.5298695983535464,0.9742535942772071,5.019272659069734,1.0283605832132383,6.031378613493855,none,cc,p
a,49.54545454545455,6.45638173558195,0.9712736063718239,4.958387570865104,3.9533279409468816,8.95943553021702,herbicide,none,a
acc,49.54545454545455,4.9221433603814475,0.971273606371812,4.958387570865329,2.419089565746444,7.425197155016451,herbicide,cc,a
apmix,49.54545454545455,6.912864778193997,0.971273606371812,4.958387570865322,4.409810983558993,9.415918572829002,none,none,mix
aprows,49.54545454545455,2.2316693148181033,1.0133687991849716,5.863825926190547,-0.26198035557160226,4.725318985207808,herbicide,none,mix
p,49.54545454545455,7.716054896911911,0.9712736063718121,4.95838757086532,5.213001102276905,10.219108691546916,herbicide,none,p
pcc,49.54545454545455,2.722678052046506,0.9806121677549742,5.150903471782755,0.22398520071147576,5.221370903381536,herbicide,cc,p
xa,49.54545454545455,4.997347715531022,0.9712736063718119,4.958387570865316,2.494293920896017,7.500401510166028,none,none,a
xacc,49.54545454545455,1.4721175025080102,1.0128091167069535,5.852760592105259,-1.0213287284879713,3.9655637335039917,none,cc,a
xapmix,49.54545454545455,3.2945977439517695,1.0133687991849716,5.8638259261905405,0.800948073562064,5.788247414341475,none,none,mix
xaprows,49.54545454545455,6.4627595328725125,1.0133687991849714,5.863825926190543,3.9691098624828083,8.956409203262217,none,none,mix
xp,49.54545454545455,3.5167934588792353,0.974209688375198,5.018328836140415,1.0152563197982856,6.018330597960185,none,none,p
xpcc,49.54545454545455,3.5693150640563607,0.9712736063718121,4.958387570865316,1.0662612694213545,6.072368858691367,none,cc,p
a,51.090909090909086,6.4656283978216615,0.9685164344866267,4.9025420172711245,3.961017689729636,8.970239105913688,herbicide,none,a
acc,51.090909090909086,4.83866940381957,0.9685164344866151,4.902542017271324,2.3340586957276064,7.343280111911534,herbicide,cc,a
apmix,51.090909090909086,6.9426947859141706,0.9685164344866151,4.902542017271321,4.438084077822207,9.447305494006134,none,none,mix
aprows,51.090909090909086,2.26224305807045,1.0098441515450811,5.783122622305411,-0.2313940469007485,4.755880163041649,herbicide,none,mix
p,51.090909090909086,7.756079942486128,0.9685164344866151,4.902542017271324,5.251469234394165,10.260690650578091,herbicide,none,p
pcc,51.090909090909086,2.7562602935287037,0.9773638047115272,5.083287484648617,0.256197651456461,5.256322935600947,herbicide,cc,p
xa,51.090909090909086,4.967500575864268,0.9685164344866148,4.902542017271323,2.4628898677723043,7.472111283956231,none,none,a
xacc,51.090909090909086,1.4387539033355743,1.0092825145284805,5.772124831491898,-1.0546986809931085,3.9322064876642573,none,cc,a
xapmix,51.090909090909086,3.3265094616393642,1.0098441515450811,5.7831226223054175,0.8328723566681666,5.820146566610562,none,none,mix
xaprows,51.090909090909086,6.495472118074853,1.0098441515450807,5.783122622305419,4.0018350131036575,8.98910922304605,none,none,mix
xp,51.090909090909086,3.5606677854068223,0.971522291616513,4.963404256449784,1.0577417075200488,6.063593863293596,none,none,p
xpcc,51.090909090909086,3.6087605297591754,0.968516434486615,4.90254201727132,1.1041498216672117,6.113371237851139,none,cc,p
a,52.63636363636363,6.474875060061374,0.9659839865497561,4.851658564452457,3.9687235467356428,8.981026573387105,herbicide,none,a
acc,52.63636363636363,4.755195447257693,0.9659839865497444,4.851658564452647,2.2490439339320227,7.261346960583363,herbicide,cc,a
apmix,52.63636363636363,6.972524793634344,0.9659839865497444,4.851658564452644,4.466373280308674,9.478676306960015,none,none,mix
aprows,52.63636363636363,2.2928168013227967,1.0066047792503436,5.709673991003667,-0.20093642218599683,4.78657002483159,herbicide,none,mix
p,52.63636363636363,7.796104988060345,0.9659839865497445,4.851658564452644,5.289953474734675,10.302256501386015,herbicide,none,p
pcc,52.63636363636363,2.789842535010902,0.9743500382447061,5.02114263262951,0.28836481126860036,5.2913202587532036,herbicide,cc,p
xa,52.63636363636363,4.937653436197513,0.9659839865497444,4.851658564452647,2.431501922871843,7.443804949523183,none,none,a
xacc,52.63636363636363,1.4053903041631386,1.0060413338092828,5.69873821930746,-1.0881964163093947,3.8989770246356716,none,cc,a
xapmix,52.63636363636363,3.35842117932696,1.0066047792503434,5.709673991003666,0.8646679558181667,5.852174402835753,none,none,mix
xaprows,52.63636363636363,6.528184703277195,1.0066047792503432,5.709673991003671,4.034431479768404,9.021937926785986,none,none,mix
xp,52.63636363636363,3.6045421119344097,0.9690599346240569,4.913469595498572,1.1002412935597428,6.108842930309077,none,none,p
xpcc,52.63636363636363,3.64820599546199,0.9659839865497445,4.8516585644526415,1.1420544821363192,6.154357508787661,none,cc,p
a,54.18181818181818,6.484121722301086,0.963678034217934,4.805666196789423,3.976472807016862,8.99177063758531,herbicide,none,a
acc,54.18181818181818,4.671721490695815,0.9636780342179224,4.805666196789595,2.1640725754116503,7.179370405979981,herbicide,cc,a
apmix,54.18181818181818,7.002354801354517,0.9636780342179224,4.805666196789594,4.494705886070353,9.510003716638682,none,none,mix
aprows,54.18181818181818,2.323390544575143,1.003653444551991,5.64335553453064,-0.17057777939492347,4.81735886854521,herbicide,none,mix
p,54.18181818181818,7.836130033634562,0.9636780342179224,4.805666196789588,5.328481118350395,10.343778948918729,herbicide,none,p
pcc,54.18181818181818,2.8234247764930998,0.9715730514742126,4.964378493754703,0.3205169704137023,5.326332582572498,herbicide,cc,p
xa,54.18181818181818,4.907806296530758,0.9636780342179222,4.805666196789595,2.400157381246594,7.415455211814923,none,none,a
xacc,54.18181818181818,1.3720267049907027,1.0030883413160596,5.632476217812233,-1.1217920769199274,3.865845486901333,none,cc,a
xapmix,54.18181818181818,3.390332897014555,1.0036534445519907,5.643355534530645,0.8963645730444894,5.884301220984621,none,none,mix
xaprows,54.18181818181818,6.560897288479536,1.0036534445519905,5.643355534530646,4.066928964509471,9.0548656124496,none,none,mix
xp,54.18181818181818,3.648416438461997,0.9668243368272446,4.868455444648241,1.142781021559598,6.154051855364396,none,none,p
xpcc,54.18181818181818,3.6876514611648052,0.9636780342179224,4.805666196789598,1.1800025458806402,6.19530037644897,none,cc,p
a,55.72727272727273,6.493368384540797,0.9616002069266806,4.764500340574205,3.9842915060973,9.002445262984294,herbicide,none,a
acc,55.72727272727273,4.588247534133938,0.9616002069266693,4.7645003405743624,2.079170655690497,7.097324412577379,herbicide,cc,a
apmix,55.72727272727273,7.032184809074691,0.9616002069266691,4.7645003405743624,4.52310793063125,9.541261687518132,none,none,mix
aprows,55.72727272727273,2.35396428782749,1.000992695210177,5.584053981693988,-0.1402894848699714,4.848218060524951,herbicide,none,mix
p,55.72727272727273,7.876155079208779,0.9616002069266693,4.76450034057436,5.367078200765338,10.38523195765222,herbicide,none,p
pcc,55.72727272727273,2.857007017975298,0.9690348800381496,4.9129118830858545,0.35268363204899966,5.361330403901596,herbicide,cc,p
xa,55.72727272727273,4.877959156864002,0.9616002069266691,4.764500340574361,2.368882278420561,7.387036035307444,none,none,a
xacc,55.72727272727273,1.338663105818267,1.0004260890177055,5.573225519716242,-1.155456877191976,3.83278308882851,none,cc,a
xapmix,55.72727272727273,3.42224461470215,1.0009926952101769,5.5840539816939945,0.9279908420046903,5.91649838739961,none,none,mix
xaprows,55.72727272727273,6.593609873681877,1.0009926952101766,5.584053981693999,4.099356100984418,9.087863646379336,none,none,mix
xp,55.72727272727273,3.692290764989584,0.9648170745127702,4.8282988711800074,1.1853855250161027,6.199196004963065,none,none,p
xpcc,55.72727272727273,3.7270969268676195,0.9616002069266691,4.764500340574366,1.2180200484241794,6.23617380531106,none,cc,p
a,57.27272727272727,6.502615046780509,0.9597519863237791,4.728102885163382,3.992204110102532,9.013025983458485,herbicide,none,a
acc,57.27272727272727,4.50477357757206,0.9597519863237678,4.728102885163531,1.994362640894137,7.015184514249983,herbicide,cc,a
apmix,57.27272727272727,7.062014816794864,0.9597519863237679,4.728102885163526,4.551603880116941,9.572425753472787,none,none,mix
aprows,57.27272727272727,2.384538031079836,0.998624853946069,5.531667344997653,-0.1100443731988201,4.879120435358493,herbicide,none,mix
p,57.27272727272727,7.916180124782996,0.9597519863237679,4.728102885163523,5.405769188105072,10.42659106146092,herbicide,none,p
pcc,57.27272727272727,2.890589259457496,0.9667374049690921,4.866666883110803,0.38489316683821695,5.396285352076775,herbicide,cc,p
xa,57.27272727272727,4.848112017197248,0.9597519863237677,4.7281028851635245,2.337701080519325,7.35852295387517,none,none,a
xacc,57.27272727272727,1.305299506645831,0.9980569035089808,5.520884105250956,-1.1891635057275642,3.799762519019226,none,cc,a
xapmix,57.27272727272727,3.4541563323897453,0.9986248539460689,5.5316673449976514,0.9595739281110895,5.9487387366684015,none,none,mix
xaprows,57.27272727272727,6.626322458884218,0.9986248539460686,5.531667344997648,4.1317400546055625,9.120904863162874,none,none,mix
xp,57.27272727272727,3.7361650915171714,0.9630395754398667,4.792943439123093,1.228077832666195,6.244252350368148,none,none,p
xpcc,57.27272727272727,3.766542392570434,0.9597519863237678,4.728102885163532,1.2561314558925125,6.2769533292483555,none,cc,p
a,58.81818181818181,6.51186170902022,0.95813470112879,4.696422201692548,4.000233214303947,9.023490203736493,herbicide,none,a
acc,58.81818181818181,4.421299621010183,0.9581347011287787,4.69642220169268,1.9096711262939614,6.932928115726405,herbicide,cc,a
apmix,58.81818181818181,7.091844824515038,0.9581347011287786,4.696422201692683,4.580216329798817,9.60347331923126,none,none,mix
aprows,58.81818181818181,2.415111774332183,0.9965520086403397,5.48610497107808,-0.0798171425294103,4.910040691193776,herbicide,none,mix
p,58.81818181818181,7.9562051703572125,0.9581347011287786,4.69642220169267,5.44457667564099,10.467833665073435,herbicide,none,p
pcc,58.81818181818181,2.924171500939694,0.9646823459866894,4.825574870937563,0.4171724661186076,5.4311705357607805,herbicide,cc,p
xa,58.81818181818181,4.818264877530493,0.9581347011287785,4.696422201692673,2.30663638281427,7.3298933722467154,none,none,a
xacc,58.81818181818181,1.2719359074733954,0.9959828761822279,5.475361292548863,-1.222886523189416,3.7667583381362064,none,cc,a
xapmix,58.81818181818181,3.4860680500773404,0.9965520086403397,5.486104971078083,0.9911391332157478,5.980996966938934,none,none,mix
xaprows,58.81818181818181,6.6590350440865596,0.9965520086403392,5.486104971078084,4.164106127224969,9.15396396094815,none,none,mix
xp,58.81818181818181,3.7800394180447583,0.9614931138897961,4.762339227628919,1.270879083832721,6.2891997522567955,none,none,p
xpcc,58.81818181818181,3.805987858273249,0.9581347011287786,4.696422201692675,1.2943593635570272,6.317616352989471,none,cc,p
a,60.36363636363636,6.521108371259932,0.9567495224590303,4.669413159448993,4.00839925611653,9.033817486403334,herbicide,none,a
acc,60.36363636363636,4.337825664448306,0.9567495224590193,4.66941315944912,1.8251165493049557,6.850534779591656,herbicide,cc,a
apmix,60.36363636363636,7.12167483223521,0.9567495224590193,4.669413159449121,4.60896571709186,9.63438394737856,none,none,mix
aprows,60.36363636363636,2.445685517584529,0.9947760033711102,5.447287584736694,-0.04958473626607507,4.940955771435133,herbicide,none,mix
p,60.36363636363636,7.99623021593143,0.9567495224590193,4.669413159449117,5.483521100788078,10.508939331074782,herbicide,none,p
pcc,60.36363636363636,2.957753742421892,0.962871255260316,4.78957454242953,0.4495466002862125,5.465960884557571,herbicide,cc,p
xa,60.36363636363636,4.788417737863738,0.9567495224590192,4.6694131594491175,2.2757086227203875,7.301126853007089,none,none,a
xacc,60.36363636363636,1.2385723083009594,0.9942058542405222,5.436577781625194,-1.2566027464712972,3.733747363073216,none,cc,a
xapmix,60.36363636363636,3.5179797677649356,0.9947760033711102,5.447287584736694,1.0227095139143314,6.01325002161554,none,none,mix
xaprows,60.36363636363636,6.6917476292889,0.9947760033711097,5.447287584736687,4.196477375438297,9.187017883139504,none,none,mix
xp,60.36363636363636,3.8239137445723452,0.9601788061885521,4.736442846985113,1.3138082594706102,6.33401922967408,none,none,p
xpcc,60.36363636363636,3.8454333239760636,0.9567495224590192,4.669413159449119,1.3327242088327131,6.358142439119414,none,cc,p
a,61.90909090909091,6.530355033499644,0.9555974596595164,4.647037139987787,4.0167202485607,9.043989818438588,herbicide,none,a
acc,61.90909090909091,4.254351707886428,0.9555974596595054,4.6470371399878925,1.7407169229475334,6.767986492825323,herbicide,cc,a
apmix,61.90909090909091,7.1515048399553836,0.9555974596595054,4.647037139987905,4.63787005501649,9.665139624894277,none,none,mix
aprows,61.90909090909091,2.476259260836876,0.993298430378563,5.415147326830624,-0.019326701901480003,4.971845223575231,herbicide,none,mix
p,61.90909090909091,8.036255261505646,0.9555974596595055,4.647037139987902,5.522620476566752,10.54989004644454,herbicide,none,p
pcc,61.90909090909091,2.99133598390409,0.9613055116927999,4.7586119334096555,0.4820384893683749,5.500633478439806,herbicide,cc,p
xa,61.90909090909091,4.758570598196983,0.9555974596595054,4.6470371399879,2.2449358132580888,7.272205383135878,none,none,a
xacc,61.90909090909091,1.2052087091285237,0.9927274326398181,5.404465692223942,-1.2902916098965238,3.7007090281535713,none,cc,a
xapmix,61.90909090909091,3.5498914854525307,0.9932984303785629,5.41514732683063,1.0543055227141767,6.045477448190885,none,none,mix
xaprows,61.90909090909091,6.724460214491241,0.9932984303785627,5.415147326830625,4.228874251752886,9.220046177229596,none,none,mix
xp,61.90909090909091,3.867788071099932,0.9590976067387144,4.715217452351952,1.3568819345703163,6.3786942076295485,none,none,p
xpcc,61.90909090909091,3.8848787896788783,0.9555974596595053,4.6470371399879,1.3712440047399843,6.398513574617772,none,cc,p
a,63.45454545454545,6.539601695739355,0.9546793566709038,4.629262049065943,4.025211539983874,9.053991851494835,herbicide,none,a
acc,63.45454545454545,4.170877751324551,0.9546793566708929,4.629262049066043,1.6564875955691165,6.685267907079986,herbicide,cc,a
apmix,63.45454545454545,7.181334847675557,0.9546793566708928,4.6292620490660426,4.666944691920122,9.695725003430992,none,none,mix
aprows,63.45454545454545,2.5068330040892226,0.9921206230361559,5.389627786251979,0.01097448211558616,5.0026915260628595,herbicide,none,mix
p,63.45454545454545,8.076280307079864,0.9546793566708929,4.6292620490660426,5.56189015132443,10.590670462835298,herbicide,none,p
pcc,63.45454545454545,3.024918225386288,0.9599863157730528,4.732640438048087,0.5146685928515784,5.535167857920998,herbicide,cc,p
xa,63.45454545454545,4.7287234585302285,0.9546793566708929,4.629262049066044,2.214333302774794,7.243113614285663,none,none,a
xacc,63.45454545454545,1.1718451099560876,0.9915489470403253,5.378968595758688,-1.3239354942730412,3.6676257141852164,none,cc,a
xapmix,63.45454545454545,3.581803203140126,0.9921206230361559,5.389627786251982,1.08594468116649,6.077661725113762,none,none,mix
xaprows,63.45454545454545,6.757172799693582,0.9921206230361556,5.389627786251991,4.261314277719947,9.253031321667217,none,none,mix
xp,63.45454545454545,3.9116623976275195,0.9582503045928372,4.698632755293801,1.4001140573131683,6.42321073794187,none,none,p
xpcc,63.45454545454545,3.924324255381693,0.9546793566708929,4.6292620490660354,1.4099340996262573,6.438714411137129,none,cc,p
a,65,6.548848357979067,0.9539958889655299,4.61606232645887,4.033885605433097,9.063811110525037,herbicide,none,a
acc,65,4.087403794762674,0.9539958889655191,4.616062326458953,1.5724410422167465,6.6023665473086,herbicide,cc,a
apmix,65,7.21116485539573,0.9539958889655192,4.616062326458955,4.696202102849804,9.726127607941656,none,none,mix
aprows,65,2.537406747341569,0.9912436498996594,5.3706840261930555,0.04133312008769474,5.0334803745954435,herbicide,none,mix
p,65,8.11630535265408,0.9539958889655191,4.616062326458955,5.601342600108154,10.631268105200007,herbicide,none,p
pcc,65,3.058500466868486,0.9589146850415154,4.711620824534222,0.5474546257092712,5.569546308027701,herbicide,cc,p
xa,65,4.698876318863474,0.953995888965519,4.6160623264589535,2.1839135663175475,7.213839071409399,none,none,a
xacc,65,1.138481510783652,0.9906714678386199,5.3600415415455736,-1.357520015124821,3.634483036692125,none,cc,a
xapmix,65,3.613714920827721,0.9912436498996593,5.37068402619305,1.117641293573847,6.109788548081595,none,none,mix
xaprows,65,6.789885384895924,0.9912436498996591,5.370684026193054,4.29381175764205,9.285959012149798,none,none,mix
xp,65,3.955536724155107,0.9576375205967445,4.686665033166636,1.4435157599337933,6.46755768837642,none,none,p
xpcc,65,3.9637697210845078,0.9539958889655191,4.616062326458956,1.4488069685385816,6.4787324736304335,none,cc,p
a,66.54545454545455,6.558095020218778,0.9535475610772667,4.60741895371233,4.042751874482128,9.07343816595543,herbicide,none,a
acc,66.54545454545455,4.003929838200796,0.9535475610772561,4.607418953712418,1.4885866924641888,6.5192729839374035,herbicide,cc,a
apmix,66.54545454545455,7.240994863115904,0.9535475610772561,4.607418953712414,4.7256517173792965,9.756338008852511,none,none,mix
aprows,66.54545454545455,2.5679804905939156,0.9906683098952755,5.358282604861857,0.07176006113180433,5.064200920056027,herbicide,none,mix
p,66.54545454545455,8.156330398228299,0.9535475610772561,4.6074189537124095,5.64098725249169,10.671673543964907,herbicide,none,p
pcc,66.54545454545455,3.092082708350684,0.9580914502077571,4.695521248120649,0.5804113072188715,5.603754109482496,herbicide,cc,p
xa,66.54545454545455,4.669029179196719,0.9535475610772559,4.607418953712414,2.1536860334601116,7.184372324933326,none,none,a
xacc,66.54545454545455,1.105117911611216,0.9900957953419905,5.347651077493257,-1.3910342622557221,3.601270085478154,none,cc,a
xapmix,66.54545454545455,3.645626638515316,0.9906683098952755,5.358282604861854,1.149406209053204,6.141847067977428,none,none,mix
xaprows,66.54545454545455,6.822597970098265,0.990668309895275,5.358282604861856,4.326377540636155,9.318818399560374,none,none,mix
xp,66.54545454545455,3.999411050682694,0.9572597051266571,4.6792971364125915,1.4870952056363929,6.511726895728994,none,none,p
xpcc,66.54545454545455,4.0032151867873225,0.9535475610772559,4.607418953712411,1.4878720410507142,6.518558332523931,none,cc,p
a,68.0909090909091,6.5673416824584905,0.953334704746128,4.603319459872563,4.051816599559402,9.08286676535758,herbicide,none,a
acc,68.0909090909091,3.9204558816389183,0.9533347047461175,4.60331945987264,1.4049307987398723,6.435980964537965,herbicide,cc,a
apmix,68.0909090909091,7.270824870836077,0.9533347047461175,4.603319459872643,4.755299787937031,9.786349953735122,none,none,mix
aprows,68.0909090909091,2.598554233846262,0.9903951286969961,5.352401590779661,0.10226251622552018,5.094845951467004,herbicide,none,mix
p,68.0909090909091,8.196355443802515,0.9533347047461175,4.603319459872643,5.680830360903469,10.711880526701561,herbicide,none,p
pcc,68.0909090909091,3.125664949832882,0.957517251954409,4.6843172616126045,0.6135501485709245,5.63777975109484,herbicide,cc,p
xa,68.0909090909091,4.639182039529964,0.9533347047461174,4.60331945987264,2.1236569566309185,7.154707122429009,none,none,a
xacc,68.0909090909091,1.0717543124387803,0.9898224561353752,5.341775265381089,-1.424470983963367,3.5679796088409272,none,cc,a
xapmix,68.0909090909091,3.6775383562029114,0.9903951286969961,5.35240159077966,1.18124663858217,6.173830073823653,none,none,mix
xaprows,68.0909090909091,6.855310555300606,0.9903951286969959,5.35240159077966,4.359018837679866,9.351602272921346,none,none,mix
xp,68.0909090909091,4.043285377210281,0.9571171364392909,4.6765184938008995,1.5308574751500497,6.5557132792705115,none,none,p
xpcc,68.0909090909091,4.042660652490137,0.9533347047461174,4.603319459872637,1.5271355695910898,6.558185735389184,none,cc,p
a,69.63636363636364,6.576588344698202,0.9533574776934839,4.603757925226068,4.061082767920132,9.092093921476271,herbicide,none,a
acc,69.63636363636364,3.8369819250770414,0.9533574776934735,4.603757925226133,1.3214763482990106,6.352487501855072,herbicide,cc,a
apmix,69.63636363636364,7.300654878556251,0.9533574776934735,4.603757925226129,4.785149301778219,9.816160455334282,none,none,mix
aprows,69.63636363636364,2.6291279770986087,0.9904243563313317,5.353030572758036,0.13284393542883954,5.125412018768378,herbicide,none,mix
p,69.63636363636364,8.236380489376732,0.9533574776934735,4.603757925226127,5.720874912598699,10.751886066154764,herbicide,none,p
pcc,69.63636363636364,3.15924719131508,0.9571925384558885,4.677991823362866,0.646879284468552,5.671615098161608,herbicide,cc,p
xa,69.63636363636364,4.609334899863208,0.9533574776934733,4.603757925226128,2.093829323085176,7.124840476641241,none,none,a
xacc,69.63636363636364,1.0383907132663444,0.9898517006791775,5.342403690823665,-1.457826710667371,3.5346081372000597,none,cc,a
xapmix,69.63636363636364,3.7094500738905065,0.9904243563313316,5.353030572758032,1.2131660322207365,6.2057341155602765,none,none,mix
xaprows,69.63636363636364,6.888023140502947,0.9904243563313313,5.353030572758038,4.391739098833178,9.384307182172716,none,none,mix
xp,69.63636363636364,4.087159703737869,0.9572099196489771,4.678325115644099,1.574804495617574,6.599514911858163,none,none,p
xpcc,69.63636363636364,4.082106118192952,0.9533574776934733,4.603757925226128,1.5666005414149193,6.597611694970984,none,cc,p
a,71.18181818181819,6.585835006937914,0.9536158630384078,4.608734983069945,4.070550059386994,9.101119954488833,herbicide,none,a
acc,71.18181818181819,3.753507968515164,0.9536158630383975,4.608734983069993,1.2382230209642793,6.268792916066049,herbicide,cc,a
apmix,71.18181818181819,7.330484886276424,0.9536158630383976,4.6087349830699935,4.81519993872554,9.845769833827308,none,none,mix
aprows,71.18181818181819,2.659701720350955,0.9907559660347954,5.360170664619847,0.1635039488114849,5.155899491890425,herbicide,none,mix
p,71.18181818181819,8.27640553495095,0.9536158630383976,4.608734983069994,5.7611205874000655,10.791690482501835,herbicide,none,p
pcc,71.18181818181819,3.192829432797278,0.9571175636342263,4.6765353028181895,0.6804033529156617,5.705255512678894,herbicide,cc,p
xa,71.18181818181819,4.579487760196454,0.9536158630383974,4.608734983069993,2.0642028126455694,7.094772707747338,none,none,a
xacc,71.18181818181819,1.0050271140939087,0.9901835021634464,5.349537467985795,-1.491101814392168,3.5011560425799853,none,cc,a
xapmix,71.18181818181819,3.7413617915781017,0.9907559660347954,5.36017066461984,1.2451640200386311,6.237559563117572,none,none,mix
xaprows,71.18181818181819,6.920735725705288,0.990755966034795,5.360170664619844,4.424537954165819,9.416933497244758,none,none,mix
xp,71.18181818181819,4.131034030265456,0.9575379863405594,4.6847195950071034,1.6189350135229437,6.643133047007968,none,none,p
xpcc,71.18181818181819,4.121551583895767,0.9536158630383974,4.608734983069995,1.6062666363448828,6.636836531446651,none,cc,p
a,72.72727272727272,6.595081669177626,0.9541096693601865,4.618257819522688,4.080214850885768,9.109948487469484,herbicide,none,a
acc,72.72727272727272,3.670034011953287,0.9541096693601764,4.618257819522735,1.1551671936614643,6.18490083024511,herbicide,cc,a
apmix,72.72727272727272,7.360314893996597,0.9541096693601764,4.61825781952273,4.845448075704773,9.875181712288422,none,none,mix
aprows,72.72727272727272,2.6902754636033013,0.9913896543763021,5.373834504694651,0.19423837279712508,5.1863125544094775,herbicide,none,mix
p,72.72727272727272,8.316430580525166,0.9541096693601764,4.618257819522735,5.801563762233343,10.83129739881699,herbicide,none,p
pcc,72.72727272727272,3.226411674279476,0.9572923861677749,4.6799454836492735,0.714123426231414,5.7386999223275375,herbicide,cc,p
xa,72.72727272727272,4.549640620529699,0.9541096693601762,4.6182578195227375,2.034773802237877,7.06450743882152,none,none,a
xacc,72.72727272727272,0.9716635149214731,0.9908175566306296,5.363189239078478,-1.5243005023787264,3.4676275322216723,none,cc,a
xapmix,72.72727272727272,3.773273509265697,0.991389654376302,5.373834504694647,1.2772364184595193,6.269310600071874,none,none,mix
xaprows,72.72727272727272,6.953448310907629,0.9913896543763017,5.3738345046946545,4.457411220101454,9.449485401713805,none,none,mix
xp,72.72727272727272,4.1749083567930425,0.9581010948213892,4.695711106915858,1.663244612309641,6.686572101276444,none,none,p
xpcc,72.72727272727272,4.160997049598581,0.9541096693601763,4.618257819522733,1.646130231306759,6.675863867890404,none,cc,p
a,74.27272727272727,6.604328331417337,0.9548385314064535,4.632340171374276,4.09007026766553,9.118586395169144,herbicide,none,a
acc,74.27272727272727,3.58656005539141,0.9548385314064435,4.6323401713743175,1.0723019916396357,6.1008181191431845,herbicide,cc,a
apmix,74.27272727272727,7.390144901716771,0.9548385314064435,4.632340171374321,4.875886837964997,9.904402965468545,none,none,mix
aprows,74.27272727272727,2.720849206855648,0.9923248426431749,5.394046250085297,0.22503928174027843,5.216659131971017,herbicide,none,mix
p,74.27272727272727,8.356455626099383,0.9548385314064435,4.632340171374318,5.842197562347609,10.870713689851156,herbicide,none,p
pcc,74.27272727272727,3.259993915761674,0.9577168692618152,4.688227564482512,0.7480369950490955,5.771950836474253,herbicide,cc,p
xa,74.27272727272727,4.519793480862944,0.9548385314064433,4.632340171374317,2.0055354171111706,7.034051544614718,none,none,a
xacc,74.27272727272727,0.938299915749037,0.9917532843655871,5.3833831686328155,-1.557430745010837,3.4340305765089107,none,cc,a
xapmix,74.27272727272727,3.8051852269532915,0.9923248426431748,5.394046250085291,1.309375301837922,6.300995152068661,none,none,mix
xaprows,74.27272727272727,6.98616089610997,0.9923248426431746,5.394046250085288,4.4903509709946015,9.481970821225339,none,none,mix
xp,74.27272727272727,4.2187826833206294,0.9588988310102562,4.711315405561232,1.7077257742651484,6.729839592376111,none,none,p
xpcc,74.27272727272727,4.200442515301396,0.9548385314064433,4.632340171374317,1.6861844515496225,6.7147005790531695,none,cc,p
a,75.81818181818181,6.613574993657049,0.9558019114408447,4.651002321963633,4.100106279960535,9.127043707353563,herbicide,none,a
acc,75.81818181818181,3.5030860988295323,0.9558019114408348,4.651002321963669,0.9896173851330512,6.016554812526014,herbicide,cc,a
apmix,75.81818181818181,7.419974909436943,0.9558019114408349,4.651002321963667,4.906506195740462,9.933443623133424,none,none,mix
aprows,75.81818181818181,2.7514229501079948,0.9935606794760221,5.420841565668492,0.2558951426645346,5.2469507575514545,herbicide,none,mix
p,75.81818181818181,8.3964806716736,0.955801911440835,4.651002321963662,5.883011957977118,10.909949385370084,herbicide,none,p
pcc,75.81818181818181,3.293576157243872,0.9583906811831476,4.701394157237689,0.7821380057087808,5.805014308778963,herbicide,cc,p
xa,75.81818181818181,4.489946341196189,0.9558019114408348,4.651002321963665,1.976477627499707,7.003415054892672,none,none,a
xacc,75.81818181818181,0.9049363165766013,0.9929898325380689,5.41015493251455,-1.590504140144876,3.4003767732980785,none,cc,a
xapmix,75.81818181818181,3.837096944640887,0.9935606794760221,5.420841565668493,1.3415691371974265,6.332624752084348,none,none,mix
xaprows,75.81818181818181,7.018873481312311,0.9935606794760218,5.420841565668496,4.523345673868851,9.51440128875577,none,none,mix
xp,75.81818181818181,4.262657009848216,0.9599306099556395,4.731554819482826,1.7523679851856682,6.772946034510765,none,none,p
xpcc,75.81818181818181,4.239887981004211,0.9558019114408346,4.651002321963666,1.72641926730773,6.753356694700692,none,cc,p
a,77.36363636363636,6.62282165589676,0.9569991012186078,4.674271095060549,4.110309842765049,9.13533346902847,herbicide,none,a
acc,77.36363636363636,3.4196121422676544,0.9569991012185979,4.674271095060583,0.9071003291359747,5.932123955399334,herbicide,cc,a
apmix,77.36363636363636,7.449804917157118,0.9569991012185981,4.674271095060583,4.9372931040254375,9.962316730288798,none,none,mix
aprows,77.36363636363636,2.781996693360341,0.9950960447245898,5.454267607758913,0.2867910092961785,5.277202377424503,herbicide,none,mix
p,77.36363636363636,8.436505717247817,0.956999101218598,4.6742710950605835,5.923993904116138,10.949017530379496,herbicide,none,p
pcc,77.36363636363636,3.3271583987260698,0.9593132965538049,4.71946528306175,0.8164169500882372,5.837899847363902,herbicide,cc,p
xa,77.36363636363636,4.4600992015294345,0.9569991012185979,4.674271095060578,1.9475873883977544,6.972611014661115,none,none,a
xacc,77.36363636363636,0.8715727174041654,0.994526079069649,5.4435517016085235,-1.6235357177414027,3.3666811525497335,none,cc,a
xapmix,77.36363636363636,3.8690086623284823,0.9950960447245897,5.454267607758907,1.3738029782643193,6.364214346392645,none,none,mix
xaprows,77.36363636363636,7.051586066514653,0.9950960447245895,5.45426760775891,4.556380382450491,9.546791750578816,none,none,mix
xp,77.36363636363636,4.306531336375804,0.9611956779703368,4.756458244706254,1.7971578793291307,6.815904793422478,none,none,p
xpcc,77.36363636363636,4.279333446707025,0.956999101218598,4.674271095060583,1.7668216335753453,6.791845259838706,none,cc,p
a,78.9090909090909,6.632068318136472,0.9584292245733042,4.7021798467183835,4.120665075393224,9.143471560879721,herbicide,none,a
acc,78.9090909090909,3.336138185705778,0.9584292245732945,4.702179846718401,0.8247349429625586,5.847541428448997,herbicide,cc,a
apmix,78.9090909090909,7.47963492487729,0.9584292245732945,4.7021798467183995,4.9682316821340695,9.991038167620511,none,none,mix
aprows,78.9090909090909,2.812570436612688,0.9969295544840697,5.4943830023321905,0.3177087699038852,5.30743210332149,herbicide,none,mix
p,78.9090909090909,8.476530762822033,0.9584292245732946,4.702179846718401,5.9651275200788145,10.987934005565252,herbicide,none,p
pcc,78.9090909090909,3.360740640208268,0.9604839983921356,4.742468365834896,0.8508610055893837,5.870620274827152,herbicide,cc,p
xa,78.9090909090909,4.43025206186268,0.9584292245732944,4.702179846718405,1.9188488191194608,6.941655304605899,none,none,a
xacc,78.9090909090909,0.8382091182317297,0.9963606376844343,5.483632120068671,-1.6565436903336903,3.3329619267971498,none,cc,a
xapmix,78.9090909090909,3.9009203800160774,0.9969295544840696,5.4943830023321905,1.4060587133072753,6.39578204672488,none,none,mix
xaprows,78.9090909090909,7.084298651716994,0.9969295544840692,5.494383002332196,4.589436985008193,9.579160318425794,none,none,mix
xp,78.9090909090909,4.350405662903391,0.9626931153643847,4.786061135796604,1.8420794212501717,6.858731904556611,none,none,p
xpcc,78.9090909090909,4.31877891240984,0.9584292245732943,4.7021798467183995,1.8073756696666208,6.830182155153059,none,cc,p
a,80.45454545454545,6.641314980376184,0.9600912405927149,4.7347684550527545,4.131153476619087,9.151476484133282,herbicide,none,a
acc,80.45454545454545,3.2526642291439,0.9600912405927056,4.734768455052778,0.7425027253868324,5.762825732900968,herbicide,cc,a
apmix,80.45454545454545,7.509464932597464,0.9600912405927053,4.7347684550527696,4.999303428840395,10.019626436354532,none,none,mix
aprows,80.45454545454545,2.843144179865034,0.9990595672594821,5.541257817669194,0.3486274420705153,5.337660917659553,herbicide,none,mix
p,80.45454545454545,8.516555808396252,0.9600912405927055,4.734768455052764,6.006394304639181,11.026717312153323,herbicide,none,p
pcc,80.45454545454545,3.3943228816904663,0.9619018808828398,4.770438223211397,0.8854542217601642,5.903191541620768,herbicide,cc,p
xa,80.45454545454545,4.400404922195925,0.9600912405927055,4.734768455052762,1.8902434184388537,6.910566425952997,none,none,a
xacc,80.45454545454545,0.8048455190592937,0.9984918640909554,5.530466277995741,-1.6895491562638547,3.299240194382442,none,cc,a
xapmix,80.45454545454545,3.9328320977036726,0.999059567259482,5.541257817669197,1.4383153599091543,6.427348835498191,none,none,mix
xaprows,80.45454545454545,7.117011236919335,0.9990595672594818,5.5412578176692,4.622494499124818,9.611527974713852,none,none,mix
xp,80.45454545454545,4.394279989430978,0.9644218397533275,4.820405494779863,1.8871141203197204,6.901445858542235,none,none,p
xpcc,80.45454545454545,4.358224378112655,0.9600912405927051,4.734768455052765,1.8480628743555858,6.868385881869724,none,cc,p
a,82,6.650561642615895,0.9619839473573574,4.77208330789102,4.141754170465875,9.159369114765916,herbicide,none,a
acc,82,3.1691902725820222,0.9619839473573479,4.77208330789103,0.6603828004320276,5.677997744732017,herbicide,cc,a
apmix,82,7.539294940317637,0.961983947357348,4.77208330789103,5.030487468167642,10.048102412467632,none,none,mix
aprows,82,2.873717923117381,1.0014841911948569,5.594973531250661,0.3795235064302007,5.367912339804561,herbicide,none,mix
p,82,8.556580853970468,0.9619839473573478,4.772083307891029,6.047773381820473,11.065388326120463,herbicide,none,p
pcc,82,3.427905123172664,0.9635658528511328,4.803417055143216,0.9201777489307421,5.935632497414586,herbicide,cc,p
xa,82,4.37055778252917,0.9619839473573478,4.7720833078910285,1.861750310379175,6.879365254679165,none,none,a
xacc,82,0.7714819198868577,1.0009178632317157,5.584135678371555,-1.722575763718326,3.2655396034920416,none,cc,a
xapmix,82,3.9647438153912677,1.0014841911948569,5.594973531250667,1.470549398704088,6.458938232078447,none,none,mix
xaprows,82,7.1497238221216755,1.0014841911948567,5.59497353125066,4.655529405434495,9.643918238808855,none,none,mix
xp,82,4.438154315958565,0.9663806099143756,4.8595398578731475,1.9322412730891902,6.94406735882794,none,none,p
xpcc,82,4.3976698438154695,0.9619839473573477,4.772083307891024,1.888862371665474,6.906477315965465,none,cc,p
a,83.54545454545455,6.659808304855607,0.9641059862107167,4.81417728822619,4.152444177160579,9.167172432550636,herbicide,none,a
acc,83.54545454545455,3.0857163160201453,0.9641059862107075,4.814177288226203,0.5783521883251428,5.593080443715148,herbicide,cc,a
apmix,83.54545454545455,7.56912494803781,0.9641059862107076,4.814177288226201,5.061760820342807,10.076489075732814,none,none,mix
aprows,83.54545454545455,2.9042916663697276,1.0042012922942016,5.655622990698286,0.41037127063810397,5.398212062101351,herbicide,none,mix
p,83.54545454545455,8.596605899544684,0.9641059862107075,4.8141772882262,6.089241771849681,11.103970027239686,herbicide,none,p
pcc,83.54545454545455,3.4614873646548623,0.965474641910238,4.841454429821281,0.955010103317945,5.96796462599178,herbicide,cc,p
xa,83.54545454545455,4.340710642862415,0.9641059862107073,4.814177288226203,1.8333465151674133,6.848074770557417,none,none,a
xacc,83.54545454545455,0.7381183207144221,1.0036364975271035,5.644733198045983,-1.7556493443651084,3.231885985793953,none,cc,a
xapmix,83.54545454545455,3.996655533078863,1.0042012922942016,5.655622990698294,1.5027351373472402,6.490575928810486,none,none,mix
xaprows,83.54545454545455,7.182436407324017,1.0042012922942012,5.655622990698295,4.688516011592396,9.676356803055638,none,none,mix
xp,83.54545454545455,4.482028642486153,0.9685680301588767,4.903519279953649,1.9774382281831562,6.9866190567891495,none,none,p
xpcc,83.54545454545455,4.437115309518284,0.9641059862107072,4.814177288226201,1.9297511818232818,6.944479437213287,none,cc,p
a,85.0909090909091,6.6690549670953185,0.9664558465264441,4.8611097573986,4.163198703401754,9.174911230788883,herbicide,none,a
acc,85.0909090909091,3.0022423594582675,0.9664558465264349,4.861109757398602,0.4963860957647266,5.508098623151808,herbicide,cc,a
apmix,85.0909090909091,7.598954955757984,0.966455846526435,4.861109757398613,5.093098692064444,10.104811219451523,none,none,mix
aprows,85.0909090909091,2.934865409622074,1.0072085035528082,5.723310368526052,0.44114325441835023,5.428587564825797,herbicide,none,mix
p,85.0909090909091,8.636630945118903,0.9664558465264349,4.8611097573986,6.130774681425361,11.142487208812444,herbicide,none,p
pcc,85.0909090909091,3.4950696061370605,0.9676267992458968,4.884607266954932,0.9899274623325147,6.000211749941606,herbicide,cc,p
xa,85.0909090909091,4.31086350319566,0.9664558465264347,4.861109757398602,1.8050072395021193,6.8167197668892,none,none,a
xacc,85.0909090909091,0.704754721541986,1.0066453960318966,5.712363042540192,-1.7887975258190885,3.1983069689030605,none,cc,a
xapmix,85.0909090909091,4.028567250766458,1.0072085035528082,5.723310368526051,1.5348450955627349,6.522289405970181,none,none,mix
xaprows,85.0909090909091,7.215148992526358,1.0072085035528078,5.723310368526054,4.721426837322636,9.708871147730079,none,none,mix
xp,85.0909090909091,4.52590296901374,0.9709825551858764,4.952405316685896,2.02268066810455,7.029125269922929,none,none,p
xpcc,85.0909090909091,4.476560775221099,0.9664558465264347,4.8611097573986,1.9707045115275585,6.982417038914639,none,cc,p
a,86.63636363636364,6.678301629335031,0.9690318709344208,4.912946535917853,4.1739914459102065,9.182611812759855,herbicide,none,a
acc,86.63636363636364,2.91876840289639,0.9690318709344118,4.912946535917854,0.4144582194715891,5.423078586321191,herbicide,cc,a
apmix,86.63636363636364,7.628784963478157,0.9690318709344119,4.912946535917844,5.1244747800533546,10.13309514690296,none,none,mix
aprows,86.63636363636364,2.9654391528744206,1.0105032349104308,5.798151110433303,0.47181058645518226,5.4590677192936585,herbicide,none,mix
p,86.63636363636364,8.676655990693119,0.9690318709344119,4.912946535917848,6.172345807268317,11.18096617411792,herbicide,none,p
pcc,86.63636363636364,3.5286518476192583,0.9700207049966513,4.932939818296812,1.0249039833292581,6.0323997119092585,herbicide,cc,p
xa,86.63636363636364,4.281016363528905,0.9690318709344118,4.9129465359178415,1.7767061801041026,6.785326546953707,none,none,a
xacc,86.63636363636364,0.6713911223695503,1.0099419644155658,5.787140694397474,-1.8220493322407858,3.1648315769798865,none,cc,a
xapmix,86.63636363636364,4.060478968454053,1.0105032349104306,5.798151110433304,1.5668504020348144,6.554107534873291,none,none,mix
xaprows,86.63636363636364,7.247861577728699,1.0105032349104306,5.798151110433307,4.754233011309461,9.741490144147937,none,none,mix
xp,86.63636363636364,4.569777295541327,0.9736224953783778,5.006266004215735,2.0679429022144262,7.071611688868227,none,none,p
xpcc,86.63636363636364,4.516006240923914,0.9690318709344113,4.91294653591784,2.011696057499112,7.0203164243487155,none,cc,p
a,88.18181818181817,6.687548291574743,0.9718322609647682,4.969759881827252,4.184794902239144,9.190301680910341,herbicide,none,a
acc,88.18181818181817,2.835294446334514,0.9718322609647594,4.9697598818272395,0.33254105699893666,5.338047835670091,herbicide,cc,a
apmix,88.18181818181817,7.658614971198331,0.9718322609647593,4.969759881827239,5.155861581862753,10.161368360533908,none,none,mix
aprows,88.18181818181817,2.996012896126767,1.01408268393234,5.880271876839776,0.5023434041342587,5.489682388119276,herbicide,none,mix
p,88.18181818181817,8.716681036267335,0.9718322609647594,4.969759881827234,6.213927646931757,11.219434425602913,herbicide,none,p
pcc,88.18181818181817,3.562234089101456,0.9726545741843436,4.98652364530657,1.0599121387782566,6.064556039424655,herbicide,cc,p
xa,88.18181818181817,4.25116922386215,0.9718322609647593,4.969759881827236,1.7484158345265723,6.753922613197728,none,none,a
xacc,88.18181818181817,0.6380275231971148,1.0135233956720213,5.869192854781655,-1.8554347821280706,3.1314898285223,none,cc,a
xapmix,88.18181818181817,4.092390686141648,1.01408268393234,5.880271876839769,1.5987211941491397,6.586060178134157,none,none,mix
xaprows,88.18181818181817,7.28057416293104,1.0140826839323398,5.880271876839769,4.786904670938532,9.774243654923549,none,none,mix
xp,88.18181818181817,4.613651622068914,0.9764860225013073,5.065175836329334,2.1131981651983387,7.114105078939488,none,none,p
xpcc,88.18181818181817,4.555451706626728,0.9718322609647589,4.96975988182722,2.052698317291149,7.0582050959623075,none,cc,p
a,89.72727272727272,6.696794953814454,0.9748550830666238,5.031628466502497,4.195580683000452,9.198009224628455,herbicide,none,a
acc,89.72727272727272,2.751820489772636,0.9748550830666152,5.031628466502472,0.25060621895865287,5.253034760586619,herbicide,cc,a
apmix,89.72727272727272,7.688444978918503,0.9748550830666151,5.031628466502465,5.187230708104519,10.189659249732488,none,none,mix
aprows,89.72727272727272,3.026586639379113,1.0179438471202653,5.969810477331509,0.5327112476706386,5.520462031087588,herbicide,none,mix
p,89.72727272727272,8.756706081841553,0.9748550830666151,5.0316284665024655,6.25549181102757,11.257920352655537,herbicide,none,p
pcc,89.72727272727272,3.595816330583654,0.9755264631456387,5.045437593833764,1.0949230608029228,6.096709600364385,herbicide,cc,p
xa,89.72727272727272,4.221322084195395,0.9748550830666148,5.031628466502465,1.7201078133814116,6.722536355009379,none,none,a
xacc,89.72727272727272,0.6046639240246791,1.0173866814604624,5.9586573779918774,-1.888984491824254,3.098312339873612,none,cc,a
xapmix,89.72727272727272,4.124302403829243,1.0179438471202655,5.969810477331512,1.6304270121207685,6.618177795537718,none,none,mix
xaprows,89.72727272727272,7.313286748133382,1.017943847120265,5.969810477331519,4.819411356424908,9.807162139841855,none,none,mix
xp,89.72727272727272,4.657525948596501,0.9795711757581009,5.129215738965121,2.1584189155405196,7.156632981652482,none,none,p
xpcc,89.72727272727272,4.594897172329543,0.9748550830666151,5.031628466502481,2.093682901515561,7.096111443143525,none,cc,p
a,91.27272727272727,6.706041616054166,0.9780982749568092,5.098637347766167,4.206319819998695,9.205763412109636,herbicide,none,a
acc,91.27272727272727,2.6683465332107583,0.9780982749568004,5.098637347766139,0.16862473715530646,5.168068329266211,herbicide,cc,a
apmix,91.27272727272727,7.718274986638677,0.9780982749568004,5.098637347766139,5.218553190583225,10.21799678269413,none,none,mix
aprows,91.27272727272727,3.05716038263146,1.0220835317527666,6.0669157976568595,0.5628834409318313,5.551437324331088,herbicide,none,mix
p,91.27272727272727,8.79673112741577,0.9780982749568007,5.098637347766129,6.297009331360316,11.296452923471223,herbicide,none,p
pcc,91.27272727272727,3.629398572065852,0.9786342764124584,5.1097677656865725,1.1299068882140983,6.1288902559176055,herbicide,cc,p
xa,91.27272727272727,4.1914749445286406,0.9780982749568004,5.098637347766132,1.6917531484731878,6.691196740584093,none,none,a
xacc,91.27272727272727,0.571300324852243,1.021528623976507,6.055683198532469,-1.9227292924859396,3.0653299421904254,none,cc,a
xapmix,91.27272727272727,4.156214121516839,1.0220835317527666,6.066915797656852,1.6619371798172087,6.650491063216469,none,none,mix
xaprows,91.27272727272727,7.3459993333357225,1.0220835317527663,6.066915797656856,4.851722391636094,9.84027627503535,none,none,mix
xp,91.27272727272727,4.701400275124088,0.9828758681613216,5.198473041955893,2.2035771288763444,7.1992234213718325,none,none,p
xpcc,91.27272727272727,4.634342638032358,0.9780982749568002,5.098637347766132,2.1346208419769055,7.13406443408781,none,cc,p
a,92.81818181818181,6.715288278293877,0.9815596522523983,5.170877940189618,4.216983065230568,9.213593491357186,herbicide,none,a
acc,92.81818181818181,2.5848725766488814,0.9815596522523898,5.170877940189588,0.08656736358559103,5.083177789712172,herbicide,cc,a
apmix,92.81818181818181,7.74810499435885,0.9815596522523898,5.170877940189594,5.249799781295561,10.246410207422139,none,none,mix
aprows,92.81818181818181,3.0877341258838062,1.0264983681536113,6.17174771888134,0.5928294522247786,5.582638799542834,herbicide,none,mix
p,92.81818181818181,8.836756172989986,0.9815596522523898,5.170877940189578,6.3384509599266945,11.335061386053278,herbicide,none,p
pcc,92.81818181818181,3.6629808135480504,0.9819757739870257,5.17960748694037,1.1648331095469402,6.161128517549161,herbicide,cc,p
xa,92.81818181818181,4.161627804861886,0.9815596522523895,5.170877940189582,1.6633225917985959,6.659933017925176,none,none,a
xacc,92.81818181818181,0.537936725679807,1.0259458482518231,6.160430250346861,-1.9566998672838736,3.032573318643488,none,cc,a
xapmix,92.81818181818181,4.188125839204434,1.0264983681536113,6.1717477188813294,1.6932211655454048,6.683030512863464,none,none,mix
xaprows,92.81818181818181,7.378711918538063,1.0264983681536108,6.1717477188813445,4.883807244879037,9.87361659219709,none,none,mix
xp,92.81818181818181,4.745274601651675,0.986397893171774,5.273041447868831,2.248644581560522,7.241904621742829,none,none,p
xpcc,92.81818181818181,4.6737881037351725,0.9815596522523894,5.170877940189576,2.1754828906718817,7.172093316798463,none,cc,p
a,94.36363636363636,6.724534940533589,0.9852369153406318,5.248447982443909,4.227541176277978,9.2215287047892,herbicide,none,a
acc,94.36363636363636,2.501398620087004,0.9852369153406233,5.248447982443867,0.004404855831409815,4.998392384342598,herbicide,cc,a
apmix,94.36363636363636,7.777935002079023,0.9852369153406236,5.248447982443877,5.28094123782343,10.274928766334618,none,none,mix
aprows,94.36363636363636,3.118307869136153,1.0311848222871878,6.284477028282824,0.6225192294079007,5.614096508864405,herbicide,none,mix
p,94.36363636363636,8.876781218564204,0.9852369153406235,5.248447982443869,6.379787454308611,11.373774982819798,herbicide,none,p
pcc,94.36363636363636,3.696563055030248,0.9855485789557437,5.255057272826914,1.1996708961498417,6.193455213910655,herbicide,cc,p
xa,94.36363636363636,4.131780665195131,0.9852369153406232,5.248447982443868,1.6347869009395373,6.628774429450725,none,none,a
xacc,94.36363636363636,0.5045731265073714,1.030634814780961,6.2730693777961655,-1.9909264145077334,3.0000726675224763,none,cc,a
xapmix,94.36363636363636,4.220037556892029,1.031184822287188,6.284477028282817,1.7242489171637754,6.715826196620283,none,none,mix
xaprows,94.36363636363636,7.411424503740404,1.0311848222871878,6.2844770282828195,4.915635864012151,9.907213143468658,none,none,mix
xp,94.36363636363636,4.789148928179262,0.9901349315601569,5.35302099780086,2.2935931203468876,7.284704736011637,none,none,p
xpcc,94.36363636363636,4.713233569437987,0.9852369153406232,5.248447982443867,2.216239805182393,7.210227333693581,none,cc,p
a,95.9090909090909,6.733781602773301,0.989127656439607,5.331451501551673,4.237965184268846,9.229598021277756,herbicide,none,a
acc,95.9090909090909,2.417924663525127,0.9891276564395989,5.331451501551622,-0.077891754979313,4.913741082029567,herbicide,cc,a
apmix,95.9090909090909,7.807765009799197,0.9891276564395988,5.331451501551624,5.311948591294756,10.303581428303637,none,none,mix
aprows,95.9090909090909,3.1488816123884997,1.0361392085817944,6.405285321539642,0.6519235048556102,5.645839719921389,herbicide,none,mix
p,95.9090909090909,8.91680626413842,0.9891276564395987,5.331451501551629,6.420989845633981,11.41262268264286,herbicide,none,p
pcc,95.9090909090909,3.7301452965124464,0.9893501853854066,5.3362247890326335,1.2343894200486214,6.225901172976272,herbicide,cc,p
xa,95.9090909090909,4.101933525528376,0.9891276564395985,5.331451501551628,1.606117107023937,6.597749944032815,none,none,a
xacc,95.9090909090909,0.4712095273349354,1.0355918323758804,6.393782237935053,-2.0254383410689445,2.967857395738815,none,cc,a
xapmix,95.9090909090909,4.251949274579625,1.0361392085817944,6.405285321539644,1.7549911670467346,6.748907382112515,none,none,mix
xaprows,95.9090909090909,7.444137088942746,1.0361392085817942,6.405285321539635,4.947178981409856,9.941095196475636,none,none,mix
xp,95.9090909090909,4.83302325470685,0.9940845584454262,5.438518033977305,2.3383949146986835,7.327651594715016,none,none,p
xpcc,95.9090909090909,4.752679035140802,0.9891276564395984,5.331451501551622,2.256862616636363,7.248495453645241,none,cc,p
a,97.45454545454545,6.743028265013012,0.9932293668036634,5.41999877388259,4.248226641272446,9.237829888753579,herbicide,none,a
acc,97.45454545454545,2.334450706963249,0.9932293668036553,5.419998773882551,-0.16035091677730273,4.829252330703801,herbicide,cc,a
apmix,97.45454545454545,7.83759501751937,0.9932293668036551,5.419998773882543,5.342793393778818,10.332396641259923,none,none,mix
aprows,97.45454545454545,3.1794553556408465,1.0413577028846381,6.534364895738474,0.6810140669896274,5.6778966442920655,herbicide,none,mix
p,97.45454545454545,8.956831309712639,0.9932293668036554,5.419998773882529,6.462029685972084,11.451632933453194,herbicide,none,p
pcc,97.45454545454545,3.7637275379946447,0.9933779664451877,5.42322480922203,1.2689581520786604,6.258496923910629,herbicide,cc,p
xa,97.45454545454545,4.0720863858616205,0.993229366803655,5.419998773882545,1.577284762121069,6.566888009602172,none,none,a
xacc,97.45454545454545,0.4378459281624998,1.04081307115173,6.522761193611314,-2.060263989698929,2.935955846023928,none,cc,a
xapmix,97.45454545454545,4.283860992267219,1.0413577028846377,6.534364895738483,1.7854197036160024,6.782302280918437,none,none,mix
xaprows,97.45454545454545,7.476849674145087,1.0413577028846375,6.534364895738486,4.9784083854938705,9.975290962796304,none,none,mix
xp,97.45454545454545,4.876897581234437,0.9982442504646443,5.5296451589923565,2.3830226889088957,7.3707724735599784,none,none,p
xpcc,97.45454545454545,4.792124500843617,0.9932293668036549,5.419998773882539,2.2973228771030647,7.286926124584168,none,cc,p
a,99,6.752274927252724,0.9975394440283624,5.514206282725708,4.258297844707403,9.246252009798045,herbicide,none,a
acc,99,2.2509767504013714,0.9975394440283543,5.514206282725635,-0.2430003321439389,4.744953832946681,herbicide,cc,a
apmix,99,7.867425025239544,0.9975394440283544,5.51420628272563,5.3734479426942325,10.361402107784855,none,none,mix
aprows,99,3.2100290988931928,1.0468363554565001,6.6719186327034246,0.7097639962500986,5.710294201536287,herbicide,none,mix
p,99,8.996856355286855,0.9975394440283543,5.51420628272563,6.502879272741545,11.490833437832165,herbicide,none,p
pcc,99,3.7973097794768425,0.9976291826984609,5.516179168589837,1.3033471366059164,6.2912724223477685,herbicide,cc,p
xa,99,4.042239246194866,0.9975394440283543,5.514206282725621,1.5482621636495542,6.536216328740178,none,none,a
xacc,99,0.40448232899006364,1.0462945755515385,6.660209196890072,-2.095430401972174,2.904395059952301,none,cc,a
xapmix,99,4.315772709954815,1.0468363554565001,6.671918632703424,1.8155076073117193,6.81603781259791,none,none,mix
xaprows,99,7.509562259347428,1.0468363554564997,6.6719186327034326,5.009297156704335,10.00982736199052,none,none,mix
xp,99,4.920771907762024,1.0026113930301606,5.626521191520398,2.4274499318828533,7.414093883641195,none,none,p
xpcc,99,4.831569966546431,0.9975394440283538,5.5142062827256355,2.337592884001123,7.32554704909174,none,cc,p
a,100.54545454545455,6.761521589492435,1.0020551994113567,5.614196672262788,4.2681520370455495,9.254891141939321,herbicide,none,a
acc,100.54545454545455,2.1675027938394944,1.0020551994113487,5.614196672262736,-0.3258667586073769,4.660872346286366,herbicide,cc,a
apmix,100.54545454545455,7.897255032959717,1.002055199411349,5.614196672262728,5.4038854805128445,10.39062458540659,none,none,mix
aprows,100.54545454545455,3.240602842145539,1.0525711039190369,6.818159872123383,0.7381478644696378,5.74305781982144,herbicide,none,mix
p,100.54545454545455,9.036881400861072,1.002055199411349,5.614196672262715,6.543511848414198,11.530250953307945,herbicide,none,p
pcc,100.54545454545455,3.8308920209590402,1.0021009905097427,5.615216713234378,1.3375272400100746,6.324256801908006,herbicide,cc,p
xa,100.54545454545455,4.012392106528111,1.0020551994113485,5.614196672262705,1.5190225540812365,6.505761658974985,none,none,a
xacc,100.54545454545455,0.37111872981762806,1.0520322773225481,6.80633966227951,-2.1309631181852913,2.8732005778205476,none,cc,a
xapmix,100.54545454545455,4.34768442764241,1.052571103919037,6.818159872123381,1.8452294499665078,6.850139405318311,none,none,mix
xaprows,100.54545454545455,7.54227484454977,1.0525711039190366,6.818159872123377,5.039819866873868,10.044729822225671,none,none,mix
xp,100.54545454545455,4.964646234289611,1.0071832876314613,5.729271118318877,2.471651083096994,7.457641385482228,none,none,p
xpcc,100.54545454545455,4.871015432249246,1.0020551994113482,5.6141966722627155,2.377645879802374,7.364384984696118,none,cc,p
a,102.0909090909091,6.7707682517321475,1.0067738653272462,5.7200986977589565,4.277763579771214,9.26377292369308,herbicide,none,a
acc,102.0909090909091,2.084028837277617,1.0067738653272384,5.720098697758892,-0.4089758346833037,4.577033509238538,herbicide,cc,a
apmix,102.0909090909091,7.9270850406798905,1.0067738653272384,5.720098697758892,5.43408036871897,10.420089712640811,none,none,mix
aprows,102.0909090909091,3.271176585397886,1.0585577860735087,6.973312273933125,0.7661418976030512,5.77621127319272,herbicide,none,mix
p,102.0909090909091,9.07690644643529,1.0067738653272387,5.720098697758884,6.583901774474367,11.569911118396213,herbicide,none,p
pcc,102.0909090909091,3.8644742624412385,1.00679045051381,5.7204732451329035,1.3714703709471978,6.357478153935279,herbicide,cc,p
xa,102.0909090909091,3.982544966861356,1.0067738653272384,5.720098697758891,1.4895402949004355,6.475549638822277,none,none,a
xacc,102.0909090909091,0.337755130645192,1.058022008362763,6.961376329212861,-2.166886014126846,2.84239627541723,none,cc,a
xapmix,102.0909090909091,4.379596145330005,1.0585577860735087,6.973312273933129,1.874561457535171,6.88463083312484,none,none,mix
xaprows,102.0909090909091,7.5749874297521105,1.0585577860735087,6.973312273933135,5.069952741957277,10.080022117546944,none,none,mix
xp,102.0909090909091,5.008520560817198,1.011957159140859,5.838026042334337,2.5156016938783328,7.501439427756063,none,none,p
xpcc,102.0909090909091,4.910460897952061,1.0067738653272382,5.72009869775888,2.417456225991139,7.403465569912982,none,cc,p
a,103.63636363636364,6.7800149139718595,1.0116926025766453,5.832047171777324,4.287108101184833,9.272921726758886,herbicide,none,a
acc,103.63636363636364,2.000554880715739,1.0116926025766377,5.8320471717772495,-0.49235193207127814,4.4934616935027565,herbicide,cc,a
apmix,103.63636363636364,7.956915048400064,1.0116926025766377,5.832047171777241,5.464008235613045,10.449821861187083,none,none,mix
aprows,103.63636363636364,3.3017503286502325,1.0647921525161477,7.13760966938198,0.7937241026314985,5.809776554668966,herbicide,none,mix
p,103.63636363636364,9.116931492009506,1.0116926025766377,5.832047171777256,6.62402467922249,11.609838304796522,herbicide,none,p
pcc,103.63636363636364,3.8980565039234367,1.0116945360963354,5.832091462488718,1.405149671217547,6.390963336629326,herbicide,cc,p
xa,103.63636363636364,3.9526978271946014,1.0116926025766377,5.83204717177724,1.4597910144075832,6.445604639981619,none,none,a
xacc,103.63636363636364,0.30439153147275644,1.0642595133627406,7.125553113220196,-2.2032211739011593,2.812004236846672,none,cc,a
xapmix,103.63636363636364,4.4115078630176,1.0647921525161474,7.137609669381983,1.9034816369988672,6.919534089036333,none,none,mix
xaprows,103.63636363636364,7.607700014954451,1.0647921525161474,7.137609669382002,5.0996737889357195,10.115726240973183,none,none,mix
xp,103.63636363636364,5.052394887344786,1.0169301630843859,5.9529231267151275,2.559278563732501,7.54551121095707,none,none,p
xpcc,103.63636363636364,4.9499063636548755,1.011692602576637,5.832047171777242,2.456999550867859,7.4428131764418914,none,cc,p
a,105.18181818181817,6.789261576211571,1.016808507672098,5.9501829062176705,4.296162618208484,9.282360534214657,herbicide,none,a
acc,105.18181818181817,1.917080924153863,1.0168085076720905,5.950182906217584,-0.576018033849214,4.410179882156941,herbicide,cc,a
apmix,105.18181818181817,7.986745056120236,1.0168085076720905,5.950182906217584,5.493646098117159,10.479844014123314,none,none,mix
aprows,105.18181818181817,3.332324071902579,1.0712698789822797,7.311295900205572,0.8208743601886899,5.843773783616468,herbicide,none,mix
p,105.18181818181817,9.156956537583723,1.0168085076720905,5.950182906217576,6.663857579580645,11.6500554955868,herbicide,none,p
pcc,105.18181818181817,3.931638745405634,1.0168101418380633,5.950220895209321,1.4385396768139116,6.424737813997357,herbicide,cc,p
xa,105.18181818181817,3.922850687527847,1.01680850767209,5.950182906217584,1.4297517295247713,6.415949645530922,none,none,a
xacc,105.18181818181817,0.27102793230032074,1.0707404621745809,7.2991139452049305,-2.239988797236548,2.7820446618371895,none,cc,a
xapmix,105.18181818181817,4.4434195807051955,1.0712698789822797,7.311295900205576,1.931969868991306,6.954869292419085,none,none,mix
xaprows,105.18181818181817,7.640412600156792,1.0712698789822794,7.311295900205576,5.128962888442903,10.151862311870682,none,none,mix
xp,105.18181818181817,5.096269213872373,1.0220993928416715,6.074105534526703,2.6026598519720685,7.589878575772676,none,none,p
xpcc,105.18181818181817,4.98935182935769,1.0168085076720899,5.950182906217582,2.4962528713546144,7.482450787360766,none,cc,p
a,106.72727272727272,6.798508238451283,1.0221186200261316,6.074652649970858,4.304905632848342,9.292110844054223,herbicide,none,a
acc,106.72727272727272,1.8336069675919853,1.0221186200261239,6.074652649970787,-0.6599956380109431,4.327209573194914,herbicide,cc,a
apmix,106.72727272727272,8.01657506384041,1.022118620026124,6.074652649970778,5.52297245823748,10.51017766944334,none,none,mix
aprows,106.72727272727272,3.362897815154925,1.0779865783584974,7.494624645298803,0.8475744850420925,5.878221145267758,herbicide,none,mix
p,106.72727272727272,9.19698158315794,1.022118620026124,6.074652649970771,6.70337897755501,11.690584188760871,herbicide,none,p
pcc,106.72727272727272,3.9652209868878323,1.022134091877622,6.075017835265257,1.4716164493994226,6.458825524376242,herbicide,cc,p
xa,106.72727272727272,3.893003547861092,1.0221186200261239,6.074652649970768,1.3994009422581617,6.386606153464022,none,none,a
xacc,106.72727272727272,0.2376643331278847,1.0774604618472956,7.482312598222771,-2.2772071391203035,2.7525358053760733,none,cc,a
xapmix,106.72727272727272,4.47533129839279,1.0779865783584974,7.494624645298798,1.9600079682799576,6.990654628505623,none,none,mix
xaprows,106.72727272727272,7.673125185359133,1.0779865783584972,7.494624645298808,5.157801855246301,10.188448515471965,none,none,mix
xp,106.72727272727272,5.14014354039996,1.0274618867412406,6.201722363957566,2.6457251653523954,7.634561915447524,none,none,p
xpcc,106.72727272727272,5.028797295060505,1.0221186200261236,6.0746526499707665,2.535194689457575,7.522399900663435,none,cc,p
a,108.27272727272727,6.807754900690994,1.0276199290095531,6.205609021973743,4.313317204389808,9.30219259699218,herbicide,none,a
acc,108.27272727272727,1.7501330110301074,1.0276199290095458,6.205609021973647,-0.7443046852710702,4.244570707331285,herbicide,cc,a
apmix,108.27272727272727,8.046405071560583,1.027619929009546,6.20560902197366,5.551967375259407,10.54084276786176,none,none,mix
aprows,108.27272727272727,3.393471558407272,1.0849378123095483,7.687859234273711,0.8738082570055377,5.913134859809006,herbicide,none,mix
p,108.27272727272727,9.237006628732157,1.027619929009546,6.205609021973643,6.742568932430979,11.731444325033335,herbicide,none,p
pcc,108.27272727272727,3.9988032283700305,1.0276631481513898,6.206645261669147,1.5043576790492779,6.493248777690783,herbicide,cc,p
xa,108.27272727272727,3.863156408194337,1.0276199290095458,6.20560902197365,1.3687187118931603,6.357594104495513,none,none,a
xacc,108.27272727272727,0.20430073395544912,1.08441506827513,7.675412501146003,-2.3148924791579746,2.723493947068873,none,cc,a
xapmix,108.27272727272727,4.507243016080386,1.0849378123095481,7.687859234273708,1.987579714678652,7.026906317482119,none,none,mix
xaprows,108.27272727272727,7.705837770561475,1.0849378123095481,7.687859234273727,5.186174469159742,10.225501071963208,none,none,mix
xp,108.27272727272727,5.1840178669275465,1.0330146350204852,6.335928578797221,2.6884556228050047,7.679580111050088,none,none,p
xpcc,108.27272727272727,5.068242760763319,1.0276199290095451,6.205609021973652,2.5738050644621433,7.562680457064494,none,cc,p
a,109.81818181818181,6.817001562930706,1.0333093808510527,6.34321043944283,4.321378998742797,9.312624127118614,herbicide,none,a
acc,109.81818181818181,1.6666590544682305,1.0333093808510454,6.343210439442723,-0.8289635097196699,4.162281618656131,herbicide,cc,a
apmix,109.81818181818181,8.076235079280757,1.0333093808510456,6.3432104394427284,5.580612515092856,10.571857643468658,none,none,mix
aprows,109.81818181818181,3.424045301659618,1.092119102473998,7.891272447273158,0.8995614251676298,5.948529178151606,herbicide,none,mix
p,109.81818181818181,9.277031674306373,1.0333093808510456,6.343210439442723,6.781409110118473,11.772654238494274,herbicide,none,p
pcc,109.81818181818181,4.032385469852229,1.0333940184724046,6.345272759805973,1.5367427595814247,6.528028180123033,herbicide,cc,p
xa,109.81818181818181,3.833309268527582,1.0333093808510452,6.343210439442715,1.3376867043396814,6.328931832715482,none,none,a
xacc,109.81818181818181,0.17093713478301298,1.0915997974128326,7.878686538583464,-2.3530591177460893,2.6949333873121155,none,cc,a
xapmix,109.81818181818181,4.5391547337679805,1.0921191024739982,7.8912724472731615,2.0146708572759917,7.06363861025997,none,none,mix
xaprows,109.81818181818181,7.738550355763816,1.0921191024739978,7.891272447273154,5.2140664792718265,10.263034232255805,none,none,mix
xp,109.81818181818181,5.2278921934551335,1.0387545866224714,6.476884933961029,2.7308338986668206,7.724950488243446,none,none,p
xpcc,109.81818181818181,5.107688226466133,1.0333093808510452,6.343210439442714,2.612065662278233,7.603310790654033,none,cc,p
a,111.36363636363636,6.826248225170417,1.039183885352195,6.487621041058553,4.329074316618094,9.32342213372274,herbicide,none,a
acc,111.36363636363636,1.5831850979063529,1.0391838853521878,6.487621041058436,-0.9139888106459628,4.080359006458669,herbicide,cc,a
apmix,111.36363636363636,8.10606508700093,1.039183885352188,6.487621041058437,5.608891178448614,10.603238995553246,none,none,mix
aprows,111.36363636363636,3.454619044911965,1.0995259411900244,8.105146300401348,0.9248216885045872,5.984416401319343,herbicide,none,mix
p,111.36363636363636,9.317056719880592,1.0391838853521878,6.487621041058448,6.819882811328277,11.814230628432906,herbicide,none,p
pcc,111.36363636363636,4.065967711334427,1.0393233644140059,6.491076434837593,1.5687528381946643,6.563182584474189,herbicide,cc,p
xa,111.36363636363636,3.8034621288608275,1.0391838853521878,6.487621041058421,1.30628822030851,6.300636037413145,none,none,a
xacc,111.36363636363636,0.1375735356105774,1.0990101360191977,8.092416836416923,-2.3917193959638148,2.6668664671849696,none,cc,a
xapmix,111.36363636363636,4.571066451455576,1.0995259411900244,8.105146300401348,2.0412690950481984,7.100863807862954,none,none,mix
xaprows,111.36363636363636,7.771262940966157,1.0995259411900242,8.105146300401362,5.24146558455878,10.301060297373533,none,none,mix
xp,111.36363636363636,5.271766519982721,1.0446786558047485,6.624757895830621,2.772844246038847,7.770688793926595,none,none,p
xpcc,111.36363636363636,5.147133692168948,1.0391838853521875,6.487621041058421,2.649959783616631,7.644307600721265,none,cc,p
a,112.9090909090909,6.835494887410129,1.0452403223949474,6.639010604866763,4.336388102404597,9.334601672415662,herbicide,none,a
acc,112.9090909090909,1.4997111413444753,1.04524032239494,6.639010604866662,-0.9993956436610478,3.9988179263499983,herbicide,cc,a
apmix,112.9090909090909,8.135895094721104,1.0452403223949402,6.639010604866657,5.63678830971558,10.635001879726627,none,none,mix
aprows,112.9090909090909,3.4851927881643117,1.1071538017198073,8.329771816125504,0.9495786560205381,6.020806920308085,herbicide,none,mix
p,112.9090909090909,9.357081765454808,1.0452403223949405,6.639010604866643,6.857974980449283,11.856188550460333,herbicide,none,p
pcc,112.9090909090909,4.099549952816624,1.0454478089676873,6.644238818896204,1.6003708414305247,6.598729064202724,herbicide,cc,p
xa,112.9090909090909,3.7736149891940722,1.04524032239494,6.639010604866635,1.2745082041885474,6.2727217741995975,none,none,a
xacc,112.9090909090909,0.10420993643814136,1.1066415518973376,8.316894532306916,-2.4308837360160718,2.6393036088923543,none,cc,a
xapmix,112.9090909090909,4.602978169143171,1.107153801719807,8.3297718161255,2.067364036999397,7.138592301286945,none,none,mix
xaprows,112.9090909090909,7.803975526168498,1.1071538017198064,8.329771816125504,5.268361394024726,10.33958965831227,none,none,mix
xp,112.9090909090909,5.315640846510308,1.0507837285383184,6.779719557173295,2.814472502073907,7.816809190946709,none,none,p
xpcc,112.9090909090909,5.186579157871764,1.0452403223949398,6.639010604866641,2.68747237286624,7.685685942877287,none,cc,p
a,114.45454545454545,6.844741549649841,1.0514755482219327,6.79755446065869,4.343306935737109,9.346176163562573,herbicide,none,a
acc,114.45454545454545,1.4162371847825983,1.051475548221926,6.797554460658566,-1.085197429130127,3.9176717986953236,herbicide,cc,a
apmix,114.45454545454545,8.165725102441277,1.0514755482219258,6.797554460658574,5.664290488528552,10.667159716354002,none,none,mix
aprows,114.45454545454545,3.515766531416658,1.1149981479478115,8.565448777997837,0.9738237895389239,6.0577092732943925,herbicide,none,mix
p,114.45454545454545,9.397106811029024,1.0514755482219258,6.797554460658569,6.8956721971162995,11.89854142494175,herbicide,none,p
pcc,114.45454545454545,4.133132194298822,1.0517639439484567,6.804948771775365,1.6315814796829633,6.634682908914681,herbicide,cc,p
xa,114.45454545454545,3.7437678495273174,1.0514755482219256,6.797554460658558,1.2423332356145917,6.245202463440043,none,none,a
xacc,114.45454545454545,0.07084633726570577,1.114489503606999,8.5524195305169,-2.4705606990816893,2.6122533736131013,none,cc,a
xapmix,114.45454545454545,4.634889886830766,1.1149981479478115,8.56544877799784,2.092947144953033,7.1768326287085,none,none,mix
xaprows,114.45454545454545,7.836688111370839,1.114998147947811,8.565448777997851,5.294745369493107,10.378630853248572,none,none,mix
xp,114.45454545454545,5.359515173037895,1.0570666686779238,6.941947546399353,2.85570607709534,7.863324268980451,none,none,p
xpcc,114.45454545454545,5.226024623574578,1.0514755482219256,6.797554460658563,2.7245900096618536,7.727459237487303,none,cc,p
a,116,6.853988211889552,1.0578864014725995,6.9634333965863995,4.349819007802171,9.358157415976933,herbicide,none,a
acc,116,1.3327632282207205,1.0578864014725924,6.9634333965862645,-1.1714059758666546,3.8369324323080956,herbicide,cc,a
apmix,116,8.19555511016145,1.0578864014725926,6.963433396586274,5.691385906074076,10.699724314248826,none,none,mix
aprows,116,3.5463402746690047,1.1230544435347254,8.812485469047093,0.9975503321724983,6.0951302171655115,herbicide,none,mix
p,116,9.437131856603242,1.0578864014725926,6.963433396586263,6.932962652515867,11.941301060690618,herbicide,none,p
pcc,116,4.166714435781021,1.0582683371247918,6.973401374821009,1.6623712326045528,6.671057638957489,herbicide,cc,p
xa,116,3.713920709860562,1.0578864014725926,6.963433396586263,1.2097515057731867,6.218089913947938,none,none,a
xacc,116,0.03748273809326974,1.1225494496307133,8.79930024040419,-2.510757057518749,2.5857225337052885,none,cc,a
xapmix,116,4.666801604518361,1.1230544435347254,8.812485469047097,2.1180116620218548,7.215591547014867,none,none,mix
xaprows,116,7.86940069657318,1.1230544435347252,8.812485469047104,5.320610754076675,10.418190639069685,none,none,mix
xp,116,5.403389499565482,1.0635243238877412,7.111624930911592,2.896533929493682,7.910245069637282,none,none,p
xpcc,116,5.265470089277393,1.0578864014725922,6.963433396586261,2.761300885190018,7.769639293364769,none,cc,p
a,117.54545454545455,6.863234874129264,1.06446970896141,7.136833559767276,4.355914084433298,9.37055566382523,herbicide,none,a
acc,117.54545454545455,1.2492892716588426,1.0644697089614032,7.136833559767125,-1.258031518037118,3.7566100613548032,herbicide,cc,a
apmix,117.54545454545455,8.225385117881624,1.0644697089614035,7.136833559767135,5.718064328185664,10.732705907577584,none,none,mix
aprows,117.54545454545455,3.576914017921351,1.13131816051487,9.07119839319009,1.020753225342379,6.133074810500323,herbicide,none,mix
p,117.54545454545455,9.477156902177459,1.0644697089614032,7.136833559767142,6.969836112481499,11.984477691873419,herbicide,none,p
pcc,117.54545454545455,4.200296677263219,1.0649575390539836,7.149797817719491,1.692728317808799,6.707865036717639,herbicide,cc,p
xa,117.54545454545455,3.6840735701938074,1.0644697089614032,7.136833559767137,1.1767527804978477,6.191394359889767,none,none,a
xacc,117.54545454545455,0.004119138920833598,1.1308168569816581,9.057853297927277,-2.551477878538606,2.5597161563802735,none,cc,a
xapmix,117.54545454545455,4.698713322205957,1.13131816051487,9.071198393190114,2.142552529626985,7.254874114784928,none,none,mix
xaprows,117.54545454545455,7.902113281775521,1.1313181605148699,9.071198393190118,5.34595248919655,10.458274074354492,none,none,mix
xp,117.54545454545455,5.44726382609307,1.0701535313094048,7.288940114298258,2.936946528344261,7.957581123841878,none,none,p
xpcc,117.54545454545455,5.304915554980208,1.0644697089614028,7.136833559767123,2.7975947652842486,7.812236344676167,none,cc,p
a,119.0909090909091,6.872481536368976,1.0712222911869613,7.317946350627917,4.361583458005097,9.383379614732856,herbicide,none,a
acc,119.0909090909091,1.165815315096966,1.0712222911869544,7.317946350627766,-1.3450827632669073,3.6767133934608394,herbicide,cc,a
apmix,119.0909090909091,8.255215125601797,1.0712222911869544,7.317946350627766,5.744317047237924,10.76611320396567,none,none,mix
aprows,119.0909090909091,3.6074877611736977,1.1397847873304952,9.341911979020818,1.043429017014983,6.171546505332413,herbicide,none,mix
p,119.0909090909091,9.517181947751675,1.0712222911869547,7.317946350627764,7.0062838693878025,12.028080026115548,herbicide,none,p
pcc,119.0909090909091,4.2338789187454164,1.0718280896072594,7.334345277875881,1.722642645255759,6.745115192235074,herbicide,cc,p
xa,119.0909090909091,3.6542264305270526,1.0712222911869544,7.317946350627768,1.1433283521631794,6.165124508890926,none,none,a
xacc,119.0909090909091,-0.02924446025160199,1.1392872092467061,9.328403269525975,-2.5927266166644207,2.5342376961612167,none,cc,a
xapmix,119.0909090909091,4.730625039893551,1.139784787330495,9.341911979020814,2.166566295734836,7.294683784052267,none,none,mix
xaprows,119.0909090909091,7.934825866977863,1.1397847873304947,9.34191197902081,5.3707671228191485,10.498884611136578,none,none,mix
xp,119.0909090909091,5.491138152620657,1.0769511229620312,7.4740867271182445,2.976935805642767,8.005340499598546,none,none,p
xpcc,119.0909090909091,5.3443610206830225,1.0712222911869542,7.317946350627763,2.8334629423191506,7.8552590990468945,none,cc,p
a,120.63636363636363,6.881728198608688,1.078140967563615,7.506968310735671,4.366819890056783,9.396636507160592,herbicide,none,a
acc,120.63636363636363,1.082341358535089,1.0781409675636087,7.506968310735516,-1.43256695001681,3.597249667086988,herbicide,cc,a
apmix,120.63636363636363,8.28504513332197,1.0781409675636084,7.506968310735527,5.7701368247700735,10.799953441873868,none,none,mix
aprows,120.63636363636363,3.638061504426044,1.148449836301486,9.624958265343107,1.0655757635928844,6.210547245259203,herbicide,none,mix
p,120.63636363636363,9.557206993325893,1.0781409675636089,7.506968310735509,7.042298684773995,12.072115301877792,herbicide,none,p
pcc,120.63636363636363,4.267461160227614,1.078876524172513,7.527256792072419,1.7521057596427574,6.782816560812471,herbicide,cc,p
xa,120.63636363636363,3.624379290860298,1.0781409675636087,7.506968310735509,1.1094709823084,6.139287599412196,none,none,a
xacc,120.63636363636363,-0.06260805942403769,1.147956014063272,9.611282337740363,-2.634505212525165,2.5092890936770895,none,cc,a
xapmix,120.63636363636363,4.762536757581147,1.1484498363014857,9.624958265343087,2.190051016747987,7.3350224984143075,none,none,mix
xaprows,120.63636363636363,7.967538452180204,1.1484498363014852,9.62495826534309,5.395052711347045,10.540024193013362,none,none,mix
xp,120.63636363636363,5.535012479148244,1.0839139308664922,7.667263511024876,3.016495099976493,8.053529858319994,none,none,p
xpcc,120.63636363636363,5.383806486385836,1.0781409675636084,7.506968310735509,2.868898177833939,7.898714794937733,none,cc,p
a,122.18181818181817,6.8909748608484,1.0852225613697335,7.704101003864919,4.371617546467571,9.410332175229229,herbicide,none,a
acc,122.18181818181817,0.9988674019732112,1.0852225613697268,7.70410100386474,-1.520489912407612,3.5182247163540348,herbicide,cc,a
apmix,122.18181818181817,8.314875141042144,1.0852225613697273,7.704101003864745,5.79551782666132,10.834232455422967,none,none,mix
aprows,122.18181818181817,3.6686352476783903,1.157308850533604,9.920676567828254,1.0871929276448977,6.250077567711883,herbicide,none,mix
p,122.18181818181817,9.59723203890011,1.085222561369727,7.704101003864748,7.077874724519287,12.116589353280933,herbicide,none,p
pcc,122.18181818181817,4.301043401709812,1.086099379525724,7.728751120095154,1.781110773014416,6.820976030405208,herbicide,cc,p
xa,122.18181818181817,3.594532151193543,1.0852225613697268,7.704101003864748,1.07517483681272,6.113889465574366,none,none,a
xacc,122.18181818181817,-0.09597165859647327,1.1568188100331607,9.906829967948159,-2.676814195789407,2.4848708785964604,none,cc,a
xapmix,122.18181818181817,4.794448475268742,1.157308850533604,9.920676567828249,2.2130061552352482,7.375890795302235,none,none,mix
xaprows,122.18181818181817,8.000251037382544,1.1573088505336036,9.920676567828249,5.418808717349052,10.581693357416036,none,none,mix
xp,122.18181818181817,5.578886805675831,1.0910387918886297,7.868674195974655,3.0556190933433207,8.10215451800834,none,none,p
xpcc,122.18181818181817,5.423251952088651,1.0852225613697268,7.704101003864738,2.903894637707827,7.942609266469475,none,cc,p
a,123.72727272727272,6.900221523088111,1.0924639044089617,7.909550890044665,4.375971926876903,9.42447111929932,herbicide,none,a
acc,123.72727272727272,0.9153934454113344,1.0924639044089552,7.909550890044489,-1.608856150799868,3.4396430416225368,herbicide,cc,a
apmix,123.72727272727272,8.344705148762317,1.0924639044089555,7.909550890044487,5.820455552551115,10.86895474497352,none,none,mix
aprows,123.72727272727272,3.699208990930737,1.1663574102724812,10.229413126195997,1.1082812734019623,6.290136708459512,herbicide,none,mix
p,123.72727272727272,9.637257084474326,1.0924639044089555,7.909550890044491,7.113007488263124,12.161506680685529,herbicide,none,p
pcc,123.72727272727272,4.334625643192011,1.0934931993652037,7.939052600015466,1.8096522896662885,6.859598996717732,herbicide,cc,p
xa,123.72727272727272,3.5646850115267883,1.0924639044089552,7.909550890044477,1.040435415315586,6.088934607737991,none,none,a
xacc,123.72727272727272,-0.1293352577689093,1.1658711730807372,10.215392555618326,-2.7196527903040693,2.460982274766251,none,cc,a
xapmix,123.72727272727272,4.826360192956337,1.1663574102724812,10.229413126196004,2.2354324754275625,7.417287910485112,none,none,mix
xaprows,123.72727272727272,8.0329636225848855,1.166357410272481,10.229413126196004,5.442035905056111,10.62389134011366,none,none,mix
xp,123.72727272727272,5.622761132203418,1.0983225522983813,8.078527370266322,3.09430374270583,8.151218521701004,none,none,p
xpcc,123.72727272727272,5.462697417791466,1.0924639044089548,7.90955089004446,2.9384478215802634,7.986947014002668,none,cc,p
a,125.27272727272728,6.909468185327823,1.0998618413831678,8.123529192334681,4.379879789898509,9.439056580757136,herbicide,none,a
acc,125.27272727272728,0.8319194888494559,1.0998618413831616,8.123529192334509,-1.697668906579852,3.3615078842787636,herbicide,cc,a
apmix,125.27272727272728,8.37453515648249,1.0998618413831618,8.123529192334502,5.844946761053182,10.9041235519118,none,none,mix
aprows,125.27272727272728,3.7297827341830843,1.1755911387141629,10.551520731340222,1.1288427616878924,6.3307227066782765,herbicide,none,mix
p,125.27272727272728,9.677282130048544,1.0998618413831613,8.123529192334498,7.147693734619237,12.206870525477852,herbicide,none,p
pcc,125.27272727272728,4.368207884674209,1.1010545395056142,8.158390994813928,1.8377263252536027,6.898689444094816,herbicide,cc,p
xa,125.27272727272728,3.5348378718600335,1.0998618413831611,8.123529192334502,1.0052494764307256,6.064426267289342,none,none,a
xacc,125.27272727272728,-0.16269885694134523,1.1751087222663217,10.537323053501828,-2.763019019762934,2.4376213058802434,none,cc,a
xapmix,125.27272727272728,4.858271910643932,1.1755911387141627,10.551520731340224,2.257331938148741,7.4592118831391225,none,none,mix
xaprows,125.27272727272728,8.065676207787227,1.1755911387141624,10.551520731340247,5.464736235292037,10.666616180282418,none,none,mix
xp,125.27272727272728,5.6666354587310055,1.105762072043864,8.297036343157519,3.1325462077304946,8.200724709731517,none,none,p
xpcc,125.27272727272728,5.502142883494281,1.0998618413831607,8.123529192334502,2.972554488064975,8.031731278923587,none,cc,p
a,126.81818181818181,6.918714847567534,1.1074132339776255,8.34625175607879,4.383339075524729,9.454090619610339,herbicide,none,a
acc,126.81818181818181,0.7484455322875798,1.1074132339776193,8.346251756078592,-1.7869302397552216,3.283821304330381,herbicide,cc,a
apmix,126.81818181818181,8.404365164202664,1.1074132339776193,8.346251756078583,5.868989392159862,10.939740936245467,none,none,mix
aprows,126.81818181818181,3.7603564774354306,1.1850057072860913,10.887358331848855,1.148880445704421,6.37183250916644,herbicide,none,mix
p,126.81818181818181,9.71730717562276,1.1074132339776193,8.34625175607858,7.1819314035799575,12.252682947665564,herbicide,none,p
pcc,126.81818181818181,4.401790126156406,1.1087799727313241,8.387001330035615,1.8653302218390735,6.938250030473739,herbicide,cc,p
xa,126.81818181818181,3.5049907321932787,1.107413233977619,8.34625175607859,0.9696149601504778,6.040366504236079,none,none,a
xacc,126.81818181818181,-0.19606245611378093,1.1845271250687908,10.872980578207049,-2.806909812481205,2.4147849002536432,none,cc,a
xapmix,126.81818181818181,4.890183628331528,1.185005707286091,10.887358331848837,2.278707596600519,7.501659660062536,none,none,mix
xaprows,126.81818181818181,8.098388792989567,1.185005707286091,10.887358331848855,5.486912761258559,10.709864824720576,none,none,mix
xp,126.81818181818181,5.710509785258592,1.1133542287413862,8.52441899980763,3.1703447760171732,8.25067479450001,none,none,p
xpcc,126.81818181818181,5.541588349197095,1.1074132339776186,8.34625175607858,3.0062125771542942,8.076964121239897,none,cc,p
a,128.36363636363637,6.927961509807246,1.1151149646608214,8.577938900386659,4.3863488259617975,9.469574193652694,herbicide,none,a
acc,128.36363636363637,0.6649715757257012,1.1151149646608152,8.577938900386442,-1.8766411081197427,3.2065842595711453,herbicide,cc,a
apmix,128.36363636363637,8.434195171922838,1.1151149646608154,8.577938900386444,5.892582488077394,10.97580785576828,none,none,mix
aprows,128.36363636363637,3.790930220687777,1.1945968404150296,11.237290619398761,1.1683983688533925,6.413462072522162,herbicide,none,mix
p,128.36363636363637,9.757332221196977,1.1151149646608152,8.577938900386437,7.215719537351533,12.298944905042422,herbicide,none,p
pcc,128.36363636363637,4.435372367638605,1.1166660933109849,8.625123722168357,1.8924625604286245,6.9782821748485855,herbicide,cc,p
xa,128.36363636363637,3.4751435925265235,1.1151149646608152,8.577938900386428,0.9335309086810786,6.016756276371968,none,none,a
xacc,128.36363636363637,-0.22942605528621696,1.1941221021540036,11.222729995641004,-2.851321104090497,2.392468993518063,none,cc,a
xapmix,128.36363636363637,4.922095346019123,1.1945968404150296,11.237290619398777,2.29956349418474,7.544627197853506,none,none,mix
xaprows,128.36363636363637,8.131101378191909,1.1945968404150293,11.237290619398788,5.508569526357526,10.753633230026292,none,none,mix
xp,128.36363636363637,5.75438411178618,1.121095921384069,8.760897648299158,3.2076987869770286,8.301069436595332,none,none,p
xpcc,128.36363636363637,5.581033814899911,1.1151149646608147,8.577938900386428,3.039421131054467,8.122646498745354,none,cc,p
a,129.9090909090909,6.937208172046958,1.1229639402028624,8.818815261599251,4.388909105982018,9.485507238111898,herbicide,none,a
acc,129.9090909090909,0.5814976191638243,1.122963940202856,8.818815261599013,-1.966801446901112,3.1297966852287606,herbicide,cc,a
apmix,129.9090909090909,8.46402517964301,1.1229639402028562,8.818815261599006,5.9157261135780725,11.012324245707946,none,none,mix
aprows,129.9090909090909,3.821503963940123,1.2043603198005772,11.601687592545293,1.1874014655593443,6.455606462320902,herbicide,none,mix
p,129.9090909090909,9.797357266771195,1.1229639402028562,8.818815261599019,7.2490582007062585,12.345656332836132,herbicide,none,p
pcc,129.9090909090909,4.468954609120803,1.124709521177332,8.873003197440827,1.9191230723573627,7.018786145884243,herbicide,cc,p
xa,129.9090909090909,3.4452964528597687,1.122963940202856,8.818815261599006,0.896997386794832,5.993595518924705,none,none,a
xacc,129.9090909090909,-0.26278965445865266,1.2038894316478046,11.586941484833478,-2.896247937189685,2.3706686282723797,none,cc,a
xapmix,129.9090909090909,4.954007063706718,1.2043603198005772,11.601687592545327,2.3199045653259396,7.588109562087496,none,none,mix
xaprows,129.9090909090909,8.16381396339425,1.204360319800577,11.601687592545332,5.529711465013474,10.797916461775028,none,none,mix
xp,129.9090909090909,5.798258438313767,1.1289840737732935,9.006698858493493,3.244608555371148,8.351908321256387,none,none,p
xpcc,129.9090909090909,5.6204792806027255,1.1229639402028553,8.818815261598985,3.0721802145377892,8.168778346667661,none,cc,p
a,131.45454545454544,6.946454834286669,1.130957094917876,9.069109628497976,4.391020923728418,9.50188874484492,herbicide,none,a
acc,131.45454545454544,0.4980236626019482,1.13095709491787,9.069109628497758,-2.0574102479562986,3.053457573160195,herbicide,cc,a
apmix,131.45454545454544,8.493855187363183,1.1309570949178702,9.069109628497753,5.9384212768049345,11.04928909792143,none,none,mix
aprows,131.45454545454544,3.8520777071924694,1.214291988214672,11.980924098468074,1.2058954658551464,6.4982599485297925,herbicide,none,mix
p,131.45454545454544,9.837382312345412,1.13095709491787,9.069109628497745,7.281948401787163,12.39281622290366,herbicide,none,p
pcc,131.45454545454544,4.502536850603001,1.132906905778076,9.130889500742853,1.9453125507049926,7.059761150501009,herbicide,cc,p
xa,131.45454545454544,3.415449313193014,1.13095709491787,9.069109628497717,0.8600154026347648,5.9708832237512635,none,none,a
xacc,131.45454545454544,-0.29615325363108835,1.213824952934098,11.965990079706012,-2.9416845571886534,2.3493780499264765,none,cc,a
xapmix,131.45454545454544,4.985918781394313,1.214291988214672,11.980924098468074,2.3397365400569896,7.632101022731636,none,none,mix
xaprows,131.45454545454544,8.19652654859659,1.214291988214672,11.980924098468074,5.550344307259268,10.842708789933914,none,none,mix
xp,131.45454545454544,5.842132764841353,1.1370156376785532,9.262053292483627,3.2810752953811066,8.4031902343016,none,none,p
xpcc,131.45454545454544,5.659924746305539,1.1309570949178696,9.06910962849771,3.104490835747291,8.215358656863788,none,cc,p
a,133,6.955701496526381,1.1390913936370237,9.329054769023713,4.392686152764439,9.518716840288324,herbicide,none,a
acc,133,0.4145497060400697,1.139091393637018,9.329054769023465,-2.1484656377218703,2.9775650498020094,herbicide,cc,a
apmix,133,8.523685195083356,1.1390913936370184,9.329054769023472,5.960669851321416,11.086700538845296,none,none,mix
aprows,133,3.8826514504448166,1.2243877528488063,12.375379352283547,1.2238868043134077,6.541416096576226,herbicide,none,mix
p,133,9.87740735791963,1.139091393637018,9.329054769023468,7.31439201415769,12.44042270168157,herbicide,none,p
pcc,133,4.536119092085198,1.1412549296053673,9.399036894377653,1.9710327627439566,7.101205421426441,herbicide,cc,p
xa,133,3.3856021735262587,1.139091393637018,9.329054769023445,0.822586829764318,5.948617517288199,none,none,a
xacc,133,-0.3295168528035243,1.223924569999832,12.360255188394786,-2.9876245037629112,2.328590798155863,none,cc,a
xapmix,133,5.017830499081908,1.224387752848806,12.375379352283531,2.359065852950499,7.676595145213318,none,none,mix
xaprows,133,8.229239133798933,1.2243877528488056,12.375379352283547,5.570474487667525,10.88800377993034,none,none,mix
xp,133,5.886007091368941,1.1451875957324515,9.527195526411552,3.317101045948373,8.454913136789509,none,none,p
xpcc,133,5.699370212008354,1.1390913936370173,9.32905476902344,3.1363548682464146,8.262385555770294,none,cc,p
a,134.54545454545453,6.964948158766092,1.147363834419799,9.598887248279107,4.3939074560270805,9.535988861505103,herbicide,none,a
acc,134.54545454545453,0.3310757494781936,1.147363834419793,9.598887248278835,-2.2399649532608152,2.9021164522172023,herbicide,cc,a
apmix,134.54545454545453,8.55351520280353,1.1473638344197932,9.598887248278853,5.982474500064521,11.124555905542538,none,none,mix
aprows,134.54545454545453,3.913225193697163,1.234643588231669,12.78543643358975,1.2413825337471813,6.5850678536471445,herbicide,none,mix
p,134.54545454545453,9.917432403493846,1.147363834419793,9.598887248278858,7.346391700754838,12.488473106232854,herbicide,none,p
pcc,134.54545454545453,4.569701333567396,1.149750311412714,9.677703946366194,1.9962863642579327,7.14311630287686,herbicide,cc,p
xa,134.54545454545453,3.355755033859504,1.147363834419793,9.598887248278828,0.7847143311204952,5.926795736598512,none,none,a
xacc,134.54545454545453,-0.36288045197595997,1.2341842543496884,12.770120089790893,-3.0340606974968902,2.3082997935449705,none,cc,a
xapmix,134.54545454545453,5.049742216769503,1.2346435882316689,12.785436433589767,2.3778995568195214,7.721584876719485,none,none,mix
xaprows,134.54545454545453,8.261951719001273,1.2346435882316686,12.785436433589801,5.590109059051293,10.933794378951252,none,none,mix
xp,134.54545454545453,5.929881417896528,1.1534969640685913,9.802363863428132,3.3526885979941343,8.507074237798921,none,none,p
xpcc,134.54545454545453,5.738815677711169,1.1473638344197925,9.59888724827881,3.1677749749721595,8.309856380450178,none,cc,p
a,136.0909090909091,6.9741948210058045,1.1557714510121722,9.878847237597235,4.394688212218421,9.553701429793188,herbicide,none,a
acc,136.0909090909091,0.24760179291631423,1.155771451012166,9.878847237596952,-2.3319048158710647,2.8271084017036934,herbicide,cc,a
apmix,136.0909090909091,8.583345210523703,1.1557714510121664,9.87884723759697,6.003838601736323,11.162851819311083,none,none,mix
aprows,136.0909090909091,3.9437989369495097,1.2450555387405848,13.211481759967507,1.2583902439649544,6.629207629934065,herbicide,none,mix
p,136.0909090909091,9.957457449068063,1.1557714510121666,9.878847237596958,7.377950840280683,12.536964057855442,herbicide,none,p
pcc,136.0909090909091,4.603283575049595,1.158389809129423,9.967153308033637,2.021076816414701,7.185490333684489,herbicide,cc,p
xa,136.0909090909091,3.325907894192749,1.1557714510121664,9.878847237596952,0.7464012854053688,5.905414502980129,none,none,a
xacc,136.0909090909091,-0.3962440511483959,1.2446000475139527,13.195971407023091,-3.0809855214328463,2.2884974191360543,none,cc,a
xapmix,136.0909090909091,5.081653934457099,1.2450555387405848,13.2114817599675,2.3962452414725424,7.767062627441655,none,none,mix
xaprows,136.0909090909091,8.294664304203614,1.2450555387405848,13.211481759967532,5.609255611219059,10.98007299718817,none,none,mix
xp,136.0909090909091,5.973755744424116,1.1619407947109532,10.087800137580894,3.3878414240154013,8.55967006483283,none,none,p
xpcc,136.0909090909091,5.778261143413984,1.1557714510121657,9.878847237596942,3.1987545346266057,8.357767752201363,none,cc,p
a,137.63636363636363,6.9834414832455165,1.164311315060869,10.169178314468677,4.395032445057975,9.571850521433058,herbicide,none,a
acc,137.63636363636363,0.16412783635443817,1.1643113150608635,10.16917831446837,-2.424281201833101,2.7525368745419776,herbicide,cc,a
apmix,137.63636363636363,8.613175218243876,1.1643113150608635,10.169178314468393,6.0247661800563375,11.201584256431415,none,none,mix
aprows,137.63636363636363,3.974372680201856,1.2556197207304687,13.65390453722967,1.2749179857460065,6.673827374657705,herbicide,none,mix
p,137.63636363636363,9.997482494642279,1.1643113150608637,10.16917831446837,7.409073456454739,12.58589153282982,herbicide,none,p
pcc,137.63636363636363,4.636865816531793,1.1671702224835727,10.267651480621891,2.0454083057373453,7.22832332732624,herbicide,cc,p
xa,137.63636363636363,3.2960607545259943,1.1643113150608635,10.169178314468386,0.7076517163384546,5.884469792713534,none,none,a
xacc,137.63636363636363,-0.4296076503208316,1.2551680631733686,13.638198557671563,-3.1283908973615437,2.2691755967198803,none,cc,a
xapmix,137.63636363636363,5.113565652144693,1.2556197207304687,13.65390453722967,2.4141109576888438,7.813020346600543,none,none,mix
xaprows,137.63636363636363,8.327376889405956,1.2556197207304685,13.653904537229689,5.6279221949501075,11.026831583861805,none,none,mix
xp,137.63636363636363,6.017630070951703,1.1705161777240263,10.383749508427506,3.4225636104484067,8.612696531454999,none,none,p
xpcc,137.63636363636363,5.817706609116798,1.164311315060863,10.169178314468372,3.2292975709292593,8.406115647304336,none,cc,p
a,139.1818181818182,6.992688145485228,1.172980538093651,10.470127253131981,4.394944755717589,9.590431535252867,herbicide,none,a
acc,139.1818181818182,0.08065387979256045,1.172980538093645,10.470127253131702,-2.517089509975073,2.678397269560194,herbicide,cc,a
apmix,139.1818181818182,8.64300522596405,1.1729805380936458,10.470127253131668,6.045261836196413,11.240748615731686,none,none,mix
aprows,139.1818181818182,4.004946423454203,1.266332324304141,14.113096186281453,1.290974200101953,6.718918646806452,herbicide,none,mix
p,139.1818181818182,10.037507540216497,1.1729805380936456,10.470127253131697,7.4397641504488625,12.635250929984132,herbicide,none,p
pcc,139.1818181818182,4.670448058013991,1.1760883953453458,10.579468570686457,2.0692856675916484,7.271610448436334,herbicide,cc,p
xa,139.1818181818182,3.266213614859239,1.1729805380936456,10.470127253131665,0.6684702250916024,5.863957004626876,none,none,a
xacc,139.1818181818182,-0.4629712494932676,1.2658844889248992,14.097193180576348,-3.1762683567914705,2.2503258578049357,none,cc,a
xapmix,139.1818181818182,5.145477369832289,1.266332324304141,14.11309618628149,2.43150514648004,7.859449593184538,none,none,mix
xaprows,139.1818181818182,8.360089474608298,1.2663323243041407,14.1130961862815,5.646117251256049,11.074061697960547,none,none,mix
xp,139.1818181818182,6.06150439747929,1.179220243133524,10.690460246184529,3.4568597930960934,8.666149001862486,none,none,p
xpcc,139.1818181818182,5.857152074819614,1.1729805380936453,10.470127253131658,3.259408685051978,8.45489546458725,none,cc,p
a,140.72727272727272,7.00193480772494,1.1817762732759034,10.781943805644843,4.394430258671299,9.60943935677858,herbicide,none,a
acc,140.72727272727272,-0.0028200767693173923,1.1817762732758974,10.781943805644524,-2.6103246258229538,2.604684472284319,herbicide,cc,a
apmix,140.72727272727272,8.672835233684223,1.181776273275898,10.781943805644516,6.0653306846305854,11.280339782737862,none,none,mix
aprows,140.72727272727272,4.035520166706549,1.2771896147477124,14.58944974653372,1.30656765280693,6.764472680606168,herbicide,none,mix
p,140.72727272727272,10.077532585790713,1.181776273275898,10.78194380564451,7.470028036737076,12.68503713484435,herbicide,none,p
pcc,140.72727272727272,4.704030299496189,1.1851412178030991,10.902878034053396,2.092714313495768,7.31534628549661,herbicide,cc,p
xa,140.72727272727272,3.2363664751924843,1.1817762732758978,10.781943805644527,0.6288619261388475,5.843871024246122,none,none,a
xacc,140.72727272727272,-0.4963348486657033,1.2767455877121858,14.57334853918011,-3.2246091066167857,2.2319394092853786,none,cc,a
xapmix,140.72727272727272,5.177389087519884,1.2771896147477124,14.589449746533703,2.448436573620264,7.906341601419504,none,none,mix
xaprows,140.72727272727272,8.392802059810638,1.277189614747712,14.589449746533736,5.66384954591102,11.121754573710255,none,none,mix
xp,140.72727272727272,6.105378724006877,1.188050162627904,11.008183507235149,3.4907350958332706,8.720022352180482,none,none,p
xpcc,140.72727272727272,5.896597540522428,1.1817762732758974,10.781943805644488,3.2890929914687894,8.504102089576065,none,cc,p
a,142.27272727272728,7.011181469964651,1.1906957169541703,11.104880473268445,4.393494521114448,9.628868418814854,herbicide,none,a
acc,142.27272727272728,-0.08629403333119501,1.190695716954165,11.104880473268139,-2.7039809821813945,2.531392915519005,herbicide,cc,a
apmix,142.27272727272728,8.702665241404397,1.190695716954165,11.104880473268127,6.0849782925541955,11.320352190254598,none,none,mix
aprows,142.27272727272728,4.066093909958896,1.2881879336544446,15.08335925589496,1.321707374111115,6.810480445806677,herbicide,none,mix
p,142.27272727272728,10.117557631364932,1.190695716954165,11.104880473268123,7.499870682514731,12.73524458021513,herbicide,none,p
pcc,142.27272727272728,4.737612540978387,1.1943256279850234,11.238156408130443,2.1157001624603584,7.359524919496415,herbicide,cc,p
xa,142.27272727272728,3.206519335525729,1.1906957169541648,11.10488047326811,0.588832386675529,5.824206284375929,none,none,a
xacc,142.27272727272728,-0.5296984478381397,1.2877476989441807,15.06705890143069,-3.273404089572082,2.2140071938958026,none,cc,a
xapmix,142.27272727272728,5.209300805207479,1.2881879336544448,15.083359255894969,2.464914269359697,7.953687341055261,none,none,mix
xaprows,142.27272727272728,8.42551464501298,1.2881879336544442,15.083359255894978,5.681128109165199,11.16990118086076,none,none,mix
xp,142.27272727272728,6.149253050534464,1.1970031510512287,11.337173099835217,3.524195072730169,8.774311028338758,none,none,p
xpcc,142.27272727272728,5.936043006225242,1.1906957169541648,11.104880473268103,3.318356057375042,8.553729955075443,none,cc,p
a,143.8181818181818,7.020428132204363,1.199736109997461,11.439192268014057,4.3921435060391545,9.648712758369571,herbicide,none,a
acc,143.8181818181818,-0.16976798989307107,1.1997361099974555,11.439192268013723,-2.7980526160582766,2.458516636272134,herbicide,cc,a
apmix,143.8181818181818,8.73249524912457,1.1997361099974555,11.439192268013727,6.104210622959364,11.360779875289776,none,none,mix
aprows,143.8181818181818,4.096667653211242,1.2993236997600017,15.595219107459345,1.3364026034982381,6.8569327029242455,herbicide,none,mix
p,143.8181818181818,10.157582676939148,1.1997361099974557,11.439192268013723,7.529298050773942,12.785867303104354,herbicide,none,p
pcc,143.8181818181818,4.771194782460585,1.203638613639498,11.585583032387778,2.138249576482808,7.404139988438361,herbicide,cc,p
xa,143.8181818181818,3.176672195858975,1.1997361099974555,11.439192268013713,0.54838756969376945,5.804956822024181,none,none,a
xacc,143.8181818181818,-0.5630620470105749,1.2988872393249322,15.578718896359291,-3.322644039616035,2.196519945594885,none,cc,a
xapmix,143.8181818181818,5.241212522895074,1.299323699760002,15.595219107459336,2.4809474731820704,8.001477572608078,none,none,mix
xaprows,143.8181818181818,8.45822723021532,1.2993236997600017,15.595219107459375,5.697962180502317,11.218492279928324,none,none,mix
xp,143.8181818181818,6.193127377062051,1.2060764676980607,11.67768523987457,3.5572456536724295,8.829009100451673,none,none,p
xpcc,143.8181818181818,5.975488471928058,1.1997361099974548,11.43919226801371,3.3472038457628535,8.603773098093262,none,cc,p
a,145.36363636363637,7.029674794444075,1.2088947389472688,11.785136464218342,4.390383518995801,9.668966069892349,herbicide,none,a
acc,145.36363636363637,-0.25324194645495046,1.2088947389472635,11.785136464217988,-2.8925332219032223,2.3860493289933213,herbicide,cc,a
apmix,145.36363636363637,8.762325256844743,1.2088947389472637,11.785136464217974,6.123033981396471,11.401616532293016,none,none,mix
aprows,145.36363636363637,4.127241396463589,1.3105934095114122,16.125423383103218,1.3506627393058745,6.903820053621303,herbicide,none,mix
p,145.36363636363637,10.197607722513366,1.2088947389472637,11.785136464217965,7.558316447065094,12.836898997961638,herbicide,none,p
pcc,145.36363636363637,4.804777023942783,1.213077213487415,11.945439756847751,2.160369300247334,7.449184747638233,herbicide,cc,p
xa,145.36363636363637,3.1468250561922195,1.2088947389472637,11.785136464217945,0.507533780743946,5.786116331640493,none,none,a
xacc,145.36363636363637,-0.5964256461830113,1.310160703416902,16.10872284754682,-3.3723195324278397,2.1794682400618175,none,cc,a
xapmix,145.36363636363637,5.2731242405826695,1.310593409511412,16.125423383103268,2.496545583424956,8.049702897740383,none,none,mix
xaprows,145.36363636363637,8.490939815417661,1.3105934095114116,16.125423383103268,5.714361158259949,11.267518472575373,none,none,mix
xp,145.36363636363637,6.237001703589638,1.215267417421191,12.029978296568785,3.5898930935020474,8.88411031367723,none,none,p
xpcc,145.36363636363637,6.014933937630873,1.2088947389472633,11.785136464217924,3.3756426621825995,8.654225213079146,none,cc,p
a,146.9090909090909,7.038921456683786,1.218168936987248,12.142972340034133,4.388221158522271,9.689621754845302,herbicide,none,a
acc,146.9090909090909,-0.3367159030168265,1.2181689369872424,12.14297234003374,-2.9874162011783403,2.3139843951446872,herbicide,cc,a
apmix,146.9090909090909,8.792155264564917,1.218168936987243,12.142972340033756,6.141454966403403,11.44285556272643,none,none,mix
aprows,146.9090909090909,4.157815139715935,1.3219936373913035,16.674365164307428,1.3644972929959933,6.951132986435876,herbicide,none,mix
p,146.9090909090909,10.237632768087582,1.2181689369872428,12.142972340033756,7.586932469926069,12.888333066249096,herbicide,none,p
pcc,146.9090909090909,4.838359265424981,1.2226385183597623,12.318010638446774,2.1820664050223457,7.494652125827617,herbicide,cc,p
xa,146.9090909090909,3.116977916525465,1.2181689369872426,12.142972340033731,0.466277618363951,5.767678214686979,none,none,a
xacc,146.9090909090909,-0.6297892453554466,1.3215646639594345,16.65746408379276,-3.4224210312315106,2.162842540520618,none,cc,a
xapmix,146.9090909090909,5.305035958270264,1.3219936373913037,16.67436516430744,2.511718111550322,8.098353804990207,none,none,mix
xaprows,146.9090909090909,8.523652400620003,1.3219936373913028,16.674365164307467,5.730334553900063,11.316970247339944,none,none,mix
xp,146.9090909090909,6.280876030117225,1.2245733515629804,12.394312527977526,3.622143924659158,8.939608135575293,none,none,p
xpcc,146.9090909090909,6.054379403333686,1.2181689369872426,12.142972340033726,3.4036791051721726,8.705079701495201,none,cc,p
a,148.45454545454544,7.048168118923498,1.227556084743426,12.512960908745114,4.385663270183017,9.710672967663978,herbicide,none,a
acc,148.45454545454544,-0.4201898595787026,1.2275560847434206,12.512960908744697,-3.0826947083191807,2.2423149891617755,herbicide,cc,a
apmix,148.45454545454544,8.82198527228509,1.227556084743421,12.512960908744708,6.159480423544612,11.48449012102557,none,none,mix
aprows,148.45454545454544,4.188388882968281,1.3335210360181973,17.24243582062905,1.3779158478410354,6.998861918095527,herbicide,none,mix
p,148.45454545454544,10.277657813661799,1.227556084743421,12.51296090874474,7.615152964921322,12.940162662402276,herbicide,none,p
pcc,148.45454545454544,4.871941506907179,1.2323196721336969,12.703581625162741,2.2033482366968244,7.540534777117534,herbicide,cc,p
xa,148.45454545454544,3.0871307768587104,1.2275560847434208,12.512960908744686,0.4246259281182314,5.74963562559919,none,none,a
xacc,148.45454545454544,-0.6631528445278818,1.333095771963204,17.225334227412205,-3.4729389281852514,2.1466332391294873,none,cc,a
xapmix,148.45454545454544,5.33694767595786,1.333521036018197,17.24243582062909,2.526474640830615,8.147420711085104,none,none,mix
xaprows,148.45454545454544,8.556364985822343,1.333521036018197,17.24243582062912,5.745891950695099,11.366838020949587,none,none,mix
xp,148.45454545454544,6.324750356644812,1.2339916687210206,12.770949806268614,3.654004913267538,8.995495800022086,none,none,p
xpcc,148.45454545454544,6.093824869036501,1.2275560847434204,12.512960908744681,3.431320020296024,8.756329717776978,none,cc,p
a,150,7.057414781163209,1.23705361092569,12.895364639834627,4.3827169041280625,9.732112658198357,herbicide,none,a
acc,150,-0.5036638161405821,1.2370536109256847,12.895364639834211,-3.1783616931757264,2.171034060894562,herbicide,cc,a
apmix,150,8.851815280005264,1.237053610925685,12.89536463983424,6.1771174029701195,11.526513157040409,none,none,mix
aprows,150,4.218962626220629,1.3451723360427164,17.83002427636182,1.3909280217761855,7.046997230665072,herbicide,none,mix
p,150,10.317682859236015,1.2370536109256849,12.895364639834229,7.642984982200871,12.992380736271159,herbicide,none,p
pcc,150,4.905523748389377,1.2421178724801587,13.102440227828863,2.2242223678572732,7.586825128921481,herbicide,cc,p
xa,150,3.057283637191955,1.237053610925685,12.895364639834176,0.3825857601568097,5.731981514227101,none,none,a
xacc,150,-0.6965164437003187,1.3447507566005465,17.812722460696378,-3.523863581587488,2.1308306941868507,none,cc,a
xapmix,150,5.3688593936454545,1.3451723360427166,17.83002427636182,2.5408247892010105,8.196893998089898,none,none,mix
xaprows,150,8.589077571024685,1.345172336042716,17.83002427636182,5.761042966580243,11.417112175469127,none,none,mix
xp,150,6.368624683172399,1.2435198153586724,13.160153332670287,3.685483018576981,9.051766347767817,none,none,p
xpcc,150,6.133270334739316,1.2370536109256844,12.895364639834188,3.458572457704172,8.80796821177446,none,cc,p
